Config file config/config.yaml is extended by additional config specified via the command line.
Building DAG of jobs...
Using shell: /bin/bash
Provided cores: 19
Rules claiming more threads will be scaled down.
Provided resources: mem_mb=4341, mem_mib=4140, disk_mb=4341, disk_mib=4140
Select jobs to execute...

[Sun Feb 23 23:12:10 2025]
rule gubbins:
    input: /scratch/esnitkin_root/esnitkin1/kgontjes/Project_Penn_KPC/Sequencing_data/variant_calling/2025-02-17_snpkit_Penn_KPC_ST258/output_files/2025_02_23_21_11_49_core_results/gubbins/2025_02_23_21_11_49_KPNIH1_genome_aln_w_alt_allele_unmapped.fa
    output: results/gubbins/Penn_KPC_ST258.recombination_predictions.gff
    jobid: 0
    reason: Forced execution
    wildcards: prefix=Penn_KPC_ST258
    resources: mem_mb=4341, mem_mib=4140, disk_mb=4341, disk_mib=4140, tmpdir=/tmp

Activating singularity image /gpfs/accounts/esnitkin_root/esnitkin1/kgontjes/Project_Penn_KPC/Sequencing_data/variant_calling/2025-02-17_snpkit_Penn_KPC_ST258/output_files/2025_02_23_21_11_49_core_results/phylokit/.snakemake/singularity/3910a2ead80a9f56fb9b1a24ee0b0228.simg
FastTree Version 2.1.10 Double precision (No SSE3), OpenMP (1 threads)
Alignment: /gpfs/accounts/esnitkin_root/esnitkin1/kgontjes/Project_Penn_KPC/Sequencing_data/variant_calling/2025-02-17_snpkit_Penn_KPC_ST258/output_files/2025_02_23_21_11_49_core_results/phylokit/results/gubbins/2025_02_23_21_11_49_KPNIH1_genome_aln_w_alt_allele_unmapped.fa.snp_sites.aln
Nucleotide distances: Jukes-Cantor Joins: balanced Support: none
Search: Normal +NNI +SPR (2 rounds range 10) +ML-NNI opt-each=1
TopHits: 1.00*sqrtN close=default refresh=0.80
ML Model: Jukes-Cantor, No rate variation across sites
      0.95 seconds: Top hits for    159 of    415 seqs (at seed    100)
      1.34 seconds: Top hits for    228 of    415 seqs (at seed    200)
      1.85 seconds: Top hits for    334 of    415 seqs (at seed    300)
      2.35 seconds: Top hits for    400 of    415 seqs (at seed    400)
      2.50 seconds: Checking top hits for      1 of    415 seqs
      5.73 seconds: Joined    100 of    412
      8.40 seconds: Joined    200 of    412
     10.75 seconds: Joined    300 of    412
     12.75 seconds: Joined    400 of    412
Initial topology in 12.84 seconds
Refining topology: 35 rounds ME-NNIs, 2 rounds ME-SPRs, 17 rounds ML-NNIs
     13.10 seconds: ME NNI round 1 of 35, 101 of 413 splits, 32 changes (max delta 0.001)
     13.31 seconds: ME NNI round 1 of 35, 201 of 413 splits, 67 changes (max delta 0.001)
     13.54 seconds: ME NNI round 1 of 35, 301 of 413 splits, 99 changes (max delta 0.001)
     13.76 seconds: ME NNI round 1 of 35, 401 of 413 splits, 156 changes (max delta 0.004)
     14.02 seconds: ME NNI round 2 of 35, 101 of 413 splits, 28 changes (max delta 0.001)
     14.24 seconds: ME NNI round 2 of 35, 201 of 413 splits, 60 changes (max delta 0.001)
     14.45 seconds: ME NNI round 2 of 35, 301 of 413 splits, 80 changes (max delta 0.001)
     14.66 seconds: ME NNI round 2 of 35, 401 of 413 splits, 90 changes (max delta 0.001)
     14.89 seconds: ME NNI round 3 of 35, 101 of 413 splits, 16 changes (max delta 0.000)
     15.09 seconds: ME NNI round 3 of 35, 201 of 413 splits, 31 changes (max delta 0.001)
     15.31 seconds: ME NNI round 3 of 35, 301 of 413 splits, 59 changes (max delta 0.001)
     15.56 seconds: ME NNI round 4 of 35, 101 of 413 splits, 14 changes (max delta 0.001)
     15.77 seconds: ME NNI round 4 of 35, 201 of 413 splits, 31 changes (max delta 0.001)
     15.88 seconds: ME NNI round 5 of 35, 1 of 413 splits
     16.09 seconds: ME NNI round 5 of 35, 101 of 413 splits, 9 changes (max delta 0.000)
     16.29 seconds: ME NNI round 5 of 35, 201 of 413 splits, 23 changes (max delta 0.001)
     16.56 seconds: ME NNI round 6 of 35, 101 of 413 splits, 12 changes (max delta 0.000)
     16.70 seconds: ME NNI round 7 of 35, 1 of 413 splits
     16.84 seconds: ME NNI round 8 of 35, 1 of 413 splits
     16.96 seconds: ME NNI round 9 of 35, 1 of 413 splits
     17.13 seconds: SPR round   1 of   2, 1 of 828 nodes
     20.49 seconds: SPR round   1 of   2, 101 of 828 nodes
     23.38 seconds: SPR round   1 of   2, 201 of 828 nodes
     26.74 seconds: SPR round   1 of   2, 301 of 828 nodes
     29.70 seconds: SPR round   1 of   2, 401 of 828 nodes
     32.64 seconds: SPR round   1 of   2, 501 of 828 nodes
     35.65 seconds: SPR round   1 of   2, 601 of 828 nodes
     38.34 seconds: SPR round   1 of   2, 701 of 828 nodes
     41.47 seconds: SPR round   1 of   2, 801 of 828 nodes
     42.41 seconds: ME NNI round 12 of 35, 1 of 413 splits
     42.62 seconds: ME NNI round 12 of 35, 101 of 413 splits, 1 changes (max delta 0.000)
     42.83 seconds: ME NNI round 12 of 35, 201 of 413 splits, 1 changes (max delta 0.000)
     43.02 seconds: ME NNI round 12 of 35, 301 of 413 splits, 1 changes (max delta 0.000)
     43.22 seconds: ME NNI round 12 of 35, 401 of 413 splits, 1 changes (max delta 0.000)
     43.45 seconds: ME NNI round 13 of 35, 101 of 413 splits, 0 changes
     43.66 seconds: ME NNI round 13 of 35, 201 of 413 splits, 0 changes
     43.86 seconds: ME NNI round 13 of 35, 301 of 413 splits, 0 changes
     44.07 seconds: ME NNI round 13 of 35, 401 of 413 splits, 0 changes
     47.31 seconds: SPR round   2 of   2, 101 of 828 nodes
     50.28 seconds: SPR round   2 of   2, 201 of 828 nodes
     53.50 seconds: SPR round   2 of   2, 301 of 828 nodes
     56.28 seconds: SPR round   2 of   2, 401 of 828 nodes
     59.22 seconds: SPR round   2 of   2, 501 of 828 nodes
     62.23 seconds: SPR round   2 of   2, 601 of 828 nodes
     64.87 seconds: SPR round   2 of   2, 701 of 828 nodes
     68.01 seconds: SPR round   2 of   2, 801 of 828 nodes
     68.95 seconds: ME NNI round 23 of 35, 1 of 413 splits
     69.16 seconds: ME NNI round 23 of 35, 101 of 413 splits, 0 changes
     69.37 seconds: ME NNI round 23 of 35, 201 of 413 splits, 0 changes
     69.57 seconds: ME NNI round 23 of 35, 301 of 413 splits, 0 changes
     69.77 seconds: ME NNI round 23 of 35, 401 of 413 splits, 0 changes
Total branch-length 3.213 after 70.90 sec
     71.00 seconds: ML Lengths 1 of 413 splits
     72.40 seconds: ML Lengths 101 of 413 splits
     73.86 seconds: ML Lengths 201 of 413 splits
     75.27 seconds: ML Lengths 301 of 413 splits
     76.65 seconds: ML Lengths 401 of 413 splits
     76.83 seconds: ML NNI round 1 of 17, 1 of 413 splits
     81.79 seconds: ML NNI round 1 of 17, 101 of 413 splits, 17 changes (max delta 54.044)
     86.94 seconds: ML NNI round 1 of 17, 201 of 413 splits, 51 changes (max delta 56.001)
     91.64 seconds: ML NNI round 1 of 17, 301 of 413 splits, 77 changes (max delta 121.746)
     96.53 seconds: ML NNI round 1 of 17, 401 of 413 splits, 106 changes (max delta 121.746)
ML-NNI round 1: LogLk = -165004.012 NNIs 112 max delta 121.75 Time 97.22
     97.36 seconds: ML NNI round 2 of 17, 1 of 413 splits
    101.90 seconds: ML NNI round 2 of 17, 101 of 413 splits, 17 changes (max delta 95.561)
    106.70 seconds: ML NNI round 2 of 17, 201 of 413 splits, 32 changes (max delta 95.561)
    111.34 seconds: ML NNI round 2 of 17, 301 of 413 splits, 43 changes (max delta 95.561)
    115.81 seconds: ML NNI round 2 of 17, 401 of 413 splits, 54 changes (max delta 99.303)
ML-NNI round 2: LogLk = -164549.578 NNIs 55 max delta 99.30 Time 116.44
    116.44 seconds: ML NNI round 3 of 17, 1 of 413 splits
    121.01 seconds: ML NNI round 3 of 17, 101 of 413 splits, 16 changes (max delta 4.152)
    125.74 seconds: ML NNI round 3 of 17, 201 of 413 splits, 26 changes (max delta 4.152)
ML-NNI round 3: LogLk = -164319.417 NNIs 42 max delta 69.36 Time 129.64
    129.64 seconds: ML NNI round 4 of 17, 1 of 413 splits
    134.16 seconds: ML NNI round 4 of 17, 101 of 413 splits, 6 changes (max delta 5.749)
ML-NNI round 4: LogLk = -164265.427 NNIs 16 max delta 7.92 Time 138.47
    138.46 seconds: ML NNI round 5 of 17, 1 of 413 splits
    143.16 seconds: ML NNI round 5 of 17, 101 of 413 splits, 14 changes (max delta 0.016)
ML-NNI round 5: LogLk = -164264.756 NNIs 14 max delta 0.02 Time 144.61
Turning off heuristics for final round of ML NNIs (converged)
    144.60 seconds: ML NNI round 6 of 17, 1 of 413 splits
    148.79 seconds: ML NNI round 6 of 17, 101 of 413 splits, 2 changes (max delta 2.984)
    153.19 seconds: ML NNI round 6 of 17, 201 of 413 splits, 4 changes (max delta 2.984)
    157.57 seconds: ML NNI round 6 of 17, 301 of 413 splits, 11 changes (max delta 2.984)
    161.87 seconds: ML NNI round 6 of 17, 401 of 413 splits, 12 changes (max delta 2.984)
ML-NNI round 6: LogLk = -164261.420 NNIs 12 max delta 2.98 Time 162.46 (final)
    162.46 seconds: ML Lengths 1 of 413 splits
    164.60 seconds: ML Lengths 201 of 413 splits
    166.75 seconds: ML Lengths 401 of 413 splits
Optimize all lengths: LogLk = -164261.371 Time 166.96
    170.58 seconds: ML split tests for    100 of    412 internal splits
    174.38 seconds: ML split tests for    200 of    412 internal splits
    178.14 seconds: ML split tests for    300 of    412 internal splits
    181.86 seconds: ML split tests for    400 of    412 internal splits
Total time: 182.31 seconds Unique: 415/415 Bad splits: 0/412
/opt/conda/lib/python3.9/site-packages/dendropy/datamodel/treemodel/_tree.py:1509: UserWarning: Calculating MRCA on an unrooted tree implicitly implicitly treats seed node as root. Set tree.is_rooted = True to silence this warning.
  warnings.warn(
IQ-TREE multicore version 2.3.4 COVID-edition for Linux x86 64-bit built Jun 18 2024
Developed by Bui Quang Minh, James Barbetti, Nguyen Lam Tung, Olga Chernomor,
Heiko Schmidt, Dominik Schrempf, Michael Woodhams, Ly Trong Nhan, Thomas Wong

Host:    gl3060.arc-ts.umich.edu (AVX512, FMA3, 186 GB RAM)
Command: iqtree -nt 18 -safe -redo -m GTR+G4 -seed 9004 -s 2025_02_23_21_11_49_KPNIH1_genome_aln_w_alt_allele_unmapped.fa.snp_sites.aln -t /gpfs/accounts/esnitkin_root/esnitkin1/kgontjes/Project_Penn_KPC/Sequencing_data/variant_calling/2025-02-17_snpkit_Penn_KPC_ST258/output_files/2025_02_23_21_11_49_core_results/phylokit/results/gubbins/tmpgd051joh/2025_02_23_21_11_49_KPNIH1_genome_aln_w_alt_allele_unmapped.iteration_1.tre.rooted --prefix /gpfs/accounts/esnitkin_root/esnitkin1/kgontjes/Project_Penn_KPC/Sequencing_data/variant_calling/2025-02-17_snpkit_Penn_KPC_ST258/output_files/2025_02_23_21_11_49_core_results/phylokit/results/gubbins/tmpgd051joh/2025_02_23_21_11_49_KPNIH1_genome_aln_w_alt_allele_unmapped.iteration_1 -n 0 --mlrate -redo
Seed:    9004 (Using SPRNG - Scalable Parallel Random Number Generator)
Time:    Sun Feb 23 23:18:09 2025
Kernel:  Safe AVX+FMA - 18 threads (19 CPU cores detected)

Reading alignment file 2025_02_23_21_11_49_KPNIH1_genome_aln_w_alt_allele_unmapped.fa.snp_sites.aln ... Fasta format detected
Reading fasta file: done in 0.301873 secs using 76.17% CPU
Alignment most likely contains DNA/RNA sequences
Alignment has 415 sequences with 33421 columns, 5950 distinct patterns
4060 parsimony-informative, 29361 singleton sites, 0 constant sites
                             Gap/Ambiguity  Composition  p-value
Analyzing sequences: done in 0.00115539 secs using 1566% CPU
   1  gi|661922017|gb|CP008827.1|    0.00%    passed     98.23%
   2  PCMP_H100                      3.30%    passed     97.91%
   3  PCMP_H101                      0.43%    passed     99.90%
   4  PCMP_H103                      3.60%    passed     98.81%
   5  PCMP_H104                      2.27%    passed     93.97%
   6  PCMP_H105                      0.71%    passed     99.77%
   7  PCMP_H106                      0.72%    passed     99.05%
   8  PCMP_H107                      3.22%    passed     98.87%
   9  PCMP_H108                      0.58%    passed     99.79%
  10  PCMP_H109                      1.27%    passed     96.29%
  11  PCMP_H10                       0.68%    passed     98.73%
  12  PCMP_H110                      0.72%    passed     99.77%
  13  PCMP_H111                      3.21%    passed     96.99%
  14  PCMP_H112                      3.15%    passed     97.14%
  15  PCMP_H113                      0.82%    passed     98.87%
  16  PCMP_H115                      0.47%    passed     99.55%
  17  PCMP_H116                      2.81%    passed     97.67%
  18  PCMP_H117                      0.51%    passed     99.54%
  19  PCMP_H118                      2.68%    passed     99.66%
  20  PCMP_H119                      0.58%    passed     99.88%
  21  PCMP_H11                       0.67%    passed     99.39%
  22  PCMP_H120                      0.82%    passed     98.79%
  23  PCMP_H121                      0.58%    passed     99.81%
  24  PCMP_H122                      0.94%    passed     99.45%
  25  PCMP_H123                      2.11%    passed     96.91%
  26  PCMP_H124                      0.56%    passed     99.69%
  27  PCMP_H125                      3.05%    passed     93.23%
  28  PCMP_H12                       0.53%    passed     99.55%
  29  PCMP_H130                      3.76%    passed     91.20%
  30  PCMP_H131                      0.89%    passed     97.88%
  31  PCMP_H132                      0.48%    passed     99.88%
  32  PCMP_H133                      2.30%    passed     94.77%
  33  PCMP_H134                      1.07%    passed     96.70%
  34  PCMP_H135                      0.73%    passed     98.27%
  35  PCMP_H136                      0.57%    passed     99.34%
  36  PCMP_H137                      3.35%    passed     98.34%
  37  PCMP_H138                      2.15%    passed     97.50%
  38  PCMP_H13                       0.88%    passed     97.72%
  39  PCMP_H140                      2.38%    passed     96.81%
  40  PCMP_H141                      2.10%    passed     96.28%
  41  PCMP_H142                      2.18%    passed     96.29%
  42  PCMP_H143                      2.47%    passed     96.30%
  43  PCMP_H144                      1.26%    passed     99.97%
  44  PCMP_H145                      1.05%    passed     95.82%
  45  PCMP_H146                      1.10%    passed     99.17%
  46  PCMP_H147                      2.68%    passed     96.02%
  47  PCMP_H148                      3.26%    passed     97.16%
  48  PCMP_H149                      3.28%    passed     98.02%
  49  PCMP_H14                       2.98%    passed    100.00%
  50  PCMP_H150                      3.16%    passed     97.00%
  51  PCMP_H151                      2.83%    passed     99.90%
  52  PCMP_H152                      2.99%    passed     98.74%
  53  PCMP_H153                      2.90%    passed     98.66%
  54  PCMP_H154                      0.75%    passed     98.12%
  55  PCMP_H155                      2.29%    passed     96.10%
  56  PCMP_H156                      0.43%    passed     99.55%
  57  PCMP_H157                      3.11%    passed     96.61%
  58  PCMP_H158                      3.12%    passed     98.08%
  59  PCMP_H159                      1.04%    passed     97.10%
  60  PCMP_H15                       2.20%    passed     96.39%
  61  PCMP_H160                      0.91%    passed     98.85%
  62  PCMP_H161                      2.21%    passed     94.42%
  63  PCMP_H162                      3.28%    passed     97.61%
  64  PCMP_H163                      0.95%    passed     98.41%
  65  PCMP_H165                      0.56%    passed     99.99%
  66  PCMP_H166                      3.14%    passed     97.81%
  67  PCMP_H167                      3.23%    passed     99.46%
  68  PCMP_H168                      2.29%    passed     99.16%
  69  PCMP_H169                      0.60%    passed     99.87%
  70  PCMP_H16                       0.67%    passed     99.55%
  71  PCMP_H170                      3.17%    passed     96.20%
  72  PCMP_H171                      2.77%    passed     94.99%
  73  PCMP_H172                      3.28%    passed     98.30%
  74  PCMP_H173                      3.20%    passed     98.01%
  75  PCMP_H174                      3.17%    passed     98.05%
  76  PCMP_H175                      1.20%    passed     99.29%
  77  PCMP_H176                      0.74%    passed     98.86%
  78  PCMP_H177                      0.43%    passed     99.69%
  79  PCMP_H178                      0.71%    passed     99.63%
  80  PCMP_H179                      0.37%    passed     99.31%
  81  PCMP_H17                       0.55%    passed     99.92%
  82  PCMP_H181                      3.25%    passed     97.92%
  83  PCMP_H182                      0.60%    passed     99.60%
  84  PCMP_H183                      0.39%    passed     99.98%
  85  PCMP_H184                      1.02%    passed     98.63%
  86  PCMP_H186                      0.77%    passed     98.82%
  87  PCMP_H187                      3.38%    passed     94.66%
  88  PCMP_H18                       2.62%    passed     98.02%
  89  PCMP_H191                      3.36%    passed     98.93%
  90  PCMP_H192                      0.52%    passed     99.86%
  91  PCMP_H193                      3.20%    passed     98.22%
  92  PCMP_H194                      0.34%    passed     99.94%
  93  PCMP_H195                      2.17%    passed     95.45%
  94  PCMP_H196                      3.17%    passed     98.22%
  95  PCMP_H197                      0.72%    passed     99.47%
  96  PCMP_H198                      0.36%    passed     99.90%
  97  PCMP_H199                      0.84%    passed     99.73%
  98  PCMP_H19                       3.48%    passed     99.66%
  99  PCMP_H1                        0.56%    passed     99.81%
 100  PCMP_H200                      0.69%    passed     99.79%
 101  PCMP_H201                      3.23%    passed     98.79%
 102  PCMP_H202                      0.94%    passed     99.30%
 103  PCMP_H204                      0.58%    passed     99.05%
 104  PCMP_H205                      1.91%    passed     96.15%
 105  PCMP_H206                      0.31%    passed     99.85%
 106  PCMP_H207                      2.74%    passed     97.88%
 107  PCMP_H208                      3.13%    passed     97.62%
 108  PCMP_H209                      0.57%    passed     99.26%
 109  PCMP_H210                      2.20%    passed     98.98%
 110  PCMP_H211                      3.39%    passed     97.99%
 111  PCMP_H212                      2.94%    passed     99.91%
 112  PCMP_H213                      0.53%    passed     99.97%
 113  PCMP_H214                      0.79%    passed     99.05%
 114  PCMP_H215                      3.26%    passed     97.10%
 115  PCMP_H216                      0.83%    passed     99.54%
 116  PCMP_H218                      1.73%    passed     95.86%
 117  PCMP_H219                      0.37%    passed     99.93%
 118  PCMP_H21                       2.28%    passed     98.88%
 119  PCMP_H220                      3.25%    passed     97.44%
 120  PCMP_H221                      0.86%    passed     99.09%
 121  PCMP_H222                      1.15%    passed     98.58%
 122  PCMP_H223                      2.80%    passed     98.28%
 123  PCMP_H224                      3.11%    passed     97.31%
 124  PCMP_H225                      3.29%    passed     98.54%
 125  PCMP_H226                      0.38%    passed     99.93%
 126  PCMP_H227                      0.42%    passed     99.87%
 127  PCMP_H229                      1.92%    passed     96.14%
 128  PCMP_H22                       0.58%    passed     99.77%
 129  PCMP_H230                      2.33%    passed     95.87%
 130  PCMP_H231                      3.25%    passed     98.66%
 131  PCMP_H232                      2.23%    passed     95.76%
 132  PCMP_H233                      0.43%    passed     99.91%
 133  PCMP_H234                      2.65%    passed     95.83%
 134  PCMP_H235                      0.61%    passed     99.76%
 135  PCMP_H236                      1.80%    passed     96.95%
 136  PCMP_H237                      0.69%    passed     99.87%
 137  PCMP_H238                      1.86%    passed     96.01%
 138  PCMP_H239                      0.38%    passed     99.94%
 139  PCMP_H23                       3.10%    passed     96.81%
 140  PCMP_H240                      0.64%    passed     99.80%
 141  PCMP_H241                      1.25%    passed     99.95%
 142  PCMP_H242                      2.42%    passed     96.22%
 143  PCMP_H243                      3.48%    failed      0.04%
 144  PCMP_H246                      2.30%    passed     98.41%
 145  PCMP_H247                      0.41%    passed     99.93%
 146  PCMP_H249                      4.92%    passed     95.38%
 147  PCMP_H250                      2.82%    passed     99.33%
 148  PCMP_H251                      0.34%    passed     99.99%
 149  PCMP_H252                      1.10%    passed     98.59%
 150  PCMP_H253                      3.20%    passed     97.93%
 151  PCMP_H254                      3.28%    passed     97.07%
 152  PCMP_H255                      3.43%    passed     98.64%
 153  PCMP_H256                      1.13%    passed     98.18%
 154  PCMP_H257                      0.75%    passed     98.76%
 155  PCMP_H258                      3.01%    passed     95.70%
 156  PCMP_H259                      0.47%    passed     99.98%
 157  PCMP_H261                      3.35%    passed     98.74%
 158  PCMP_H262                      3.01%    passed     89.64%
 159  PCMP_H264                      0.57%    passed     99.91%
 160  PCMP_H265                      0.81%    passed     98.96%
 161  PCMP_H266                      1.07%    passed     98.99%
 162  PCMP_H267                      0.50%    passed     99.11%
 163  PCMP_H268                      0.47%    passed     99.10%
 164  PCMP_H269                      3.46%    passed     98.25%
 165  PCMP_H26                       1.20%    passed     96.07%
 166  PCMP_H270                      2.31%    passed     95.66%
 167  PCMP_H271                      2.28%    passed     95.09%
 168  PCMP_H272                      0.79%    passed     99.63%
 169  PCMP_H273                      1.09%    passed     95.49%
 170  PCMP_H274                      1.12%    passed     96.57%
 171  PCMP_H275                      0.58%    passed     99.82%
 172  PCMP_H276                      3.42%    passed     98.24%
 173  PCMP_H277                      0.72%    passed     99.11%
 174  PCMP_H278                      0.59%    passed     99.46%
 175  PCMP_H27                       0.57%    passed     99.81%
 176  PCMP_H280                      0.74%    passed     99.40%
 177  PCMP_H281                      2.13%    passed     96.47%
 178  PCMP_H282                      4.44%    passed     99.45%
 179  PCMP_H283                      0.64%    passed     99.19%
 180  PCMP_H284                      0.48%    passed     99.76%
 181  PCMP_H285                      3.00%    passed     95.15%
 182  PCMP_H286                      0.56%    passed     99.97%
 183  PCMP_H287                      2.71%    passed     96.45%
 184  PCMP_H288                      0.40%    passed     99.16%
 185  PCMP_H289                      1.07%    passed     98.16%
 186  PCMP_H290                      0.57%    passed     99.31%
 187  PCMP_H291                      3.29%    passed     97.96%
 188  PCMP_H292                      3.16%    passed     97.97%
 189  PCMP_H293                      4.20%    passed     99.17%
 190  PCMP_H294                      0.48%    passed     99.15%
 191  PCMP_H295                      0.59%    passed     99.89%
 192  PCMP_H296                      3.99%    passed     94.97%
 193  PCMP_H297                      2.66%    passed     95.79%
 194  PCMP_H299                      2.20%    passed     97.23%
 195  PCMP_H2                        3.05%    passed     99.76%
 196  PCMP_H300                      0.41%    passed     99.81%
 197  PCMP_H301                      3.17%    passed     98.19%
 198  PCMP_H302                      0.38%    passed     99.30%
 199  PCMP_H303                      3.06%    passed     96.20%
 200  PCMP_H305                      3.28%    passed     98.32%
 201  PCMP_H306                      0.89%    passed     97.38%
 202  PCMP_H307                      3.25%    passed     97.44%
 203  PCMP_H308                      4.46%    passed     99.78%
 204  PCMP_H309                      0.67%    passed     99.65%
 205  PCMP_H30                       3.01%    passed     97.04%
 206  PCMP_H311                      0.46%    passed     99.78%
 207  PCMP_H312                      0.45%    passed     99.72%
 208  PCMP_H313                      3.17%    passed     95.58%
 209  PCMP_H314                      3.12%    passed     98.58%
 210  PCMP_H315                      0.77%    passed     98.73%
 211  PCMP_H316                      2.25%    passed     94.47%
 212  PCMP_H317                      1.05%    passed     95.68%
 213  PCMP_H318                      4.91%    passed     96.04%
 214  PCMP_H319                      0.72%    passed     99.55%
 215  PCMP_H31                       0.56%    passed     99.66%
 216  PCMP_H320                      3.07%    passed     98.12%
 217  PCMP_H322                      0.37%    passed     99.87%
 218  PCMP_H323                      3.17%    passed     96.21%
 219  PCMP_H325                      0.71%    passed     86.75%
 220  PCMP_H326                      1.61%    passed     99.71%
 221  PCMP_H327                      2.25%    passed     97.88%
 222  PCMP_H328                      0.56%    passed     99.54%
 223  PCMP_H329                      0.49%    passed     99.00%
 224  PCMP_H32                       3.20%    passed     96.81%
 225  PCMP_H330                      1.10%    passed     99.32%
 226  PCMP_H331                      0.56%    passed     99.91%
 227  PCMP_H332                      0.48%    passed     99.04%
 228  PCMP_H335                      3.19%    passed     97.50%
 229  PCMP_H337                      3.53%    passed     98.93%
 230  PCMP_H338                      0.50%    passed     99.36%
 231  PCMP_H339                      0.52%    passed     99.75%
 232  PCMP_H33                       0.59%    passed     99.75%
 233  PCMP_H340                      0.72%    passed     99.47%
 234  PCMP_H342                      4.12%    passed     99.53%
 235  PCMP_H343                      0.70%    passed     99.57%
 236  PCMP_H345                      3.24%    passed     96.51%
 237  PCMP_H346                      1.29%    passed     99.28%
 238  PCMP_H347                      0.52%    passed     98.60%
 239  PCMP_H348                      1.23%    passed     98.83%
 240  PCMP_H349                      3.89%    passed     99.50%
 241  PCMP_H34                       2.08%    passed     96.97%
 242  PCMP_H350                      3.20%    passed     98.98%
 243  PCMP_H351                      0.40%    passed     99.39%
 244  PCMP_H353                      2.13%    passed     92.93%
 245  PCMP_H354                      2.00%    passed     97.87%
 246  PCMP_H355                      0.83%    passed     99.26%
 247  PCMP_H356                      0.71%    passed     99.32%
 248  PCMP_H357                      1.13%    passed     99.27%
 249  PCMP_H359                      3.14%    passed     98.57%
 250  PCMP_H35                       0.40%    passed     99.23%
 251  PCMP_H360                      3.26%    passed     97.80%
 252  PCMP_H361                      2.52%    passed     93.93%
 253  PCMP_H362                      0.86%    passed     98.81%
 254  PCMP_H365                      2.13%    passed     97.39%
 255  PCMP_H367                      2.06%    passed     98.77%
 256  PCMP_H36                       1.51%    passed     95.45%
 257  PCMP_H370                      1.26%    passed     98.67%
 258  PCMP_H371                      0.37%    passed     99.43%
 259  PCMP_H372                      3.32%    passed     98.51%
 260  PCMP_H373                      0.62%    passed     99.75%
 261  PCMP_H374                      0.55%    passed     99.88%
 262  PCMP_H375                      1.28%    passed     99.09%
 263  PCMP_H376                      2.23%    passed     98.71%
 264  PCMP_H377                      3.36%    passed     98.42%
 265  PCMP_H378                      1.05%    passed     98.41%
 266  PCMP_H379                      0.40%    passed     99.82%
 267  PCMP_H37                       4.07%    passed     99.64%
 268  PCMP_H380                      0.58%    passed     99.17%
 269  PCMP_H381                      0.57%    passed     99.68%
 270  PCMP_H382                      0.57%    passed     99.74%
 271  PCMP_H383                      2.75%    passed     96.16%
 272  PCMP_H384                      2.69%    passed     99.00%
 273  PCMP_H385                      0.52%    passed     99.94%
 274  PCMP_H386                      3.24%    passed     97.57%
 275  PCMP_H387                      0.50%    passed     99.98%
 276  PCMP_H388                      2.72%    passed     97.79%
 277  PCMP_H389                      0.64%    passed     99.84%
 278  PCMP_H38                       1.17%    passed     99.24%
 279  PCMP_H390                      3.37%    passed     98.58%
 280  PCMP_H391                      3.15%    passed     97.21%
 281  PCMP_H392                      2.20%    passed     98.36%
 282  PCMP_H393                      0.57%    passed     99.20%
 283  PCMP_H394                      1.22%    passed     98.43%
 284  PCMP_H395                      0.56%    passed     99.55%
 285  PCMP_H396                      3.23%    passed     97.45%
 286  PCMP_H397                      0.44%    passed     99.28%
 287  PCMP_H398                      0.99%    passed     99.00%
 288  PCMP_H399                      2.00%    passed     95.63%
 289  PCMP_H39                       0.59%    passed     99.69%
 290  PCMP_H3                        0.25%    passed     99.88%
 291  PCMP_H400                      3.44%    passed     93.41%
 292  PCMP_H401                      3.45%    passed     98.22%
 293  PCMP_H402                      0.58%    passed     99.79%
 294  PCMP_H404                      0.60%    passed     99.84%
 295  PCMP_H405                      1.70%    passed     99.15%
 296  PCMP_H406                      0.62%    passed     99.89%
 297  PCMP_H407                      4.12%    passed     98.49%
 298  PCMP_H408                      3.30%    passed     96.54%
 299  PCMP_H409                      0.32%    passed     99.95%
 300  PCMP_H40                       2.78%    passed     96.83%
 301  PCMP_H410                      1.39%    passed     98.58%
 302  PCMP_H411                      0.75%    passed     84.82%
 303  PCMP_H412                      3.43%    passed     98.41%
 304  PCMP_H413                      3.23%    passed     98.55%
 305  PCMP_H414                      3.40%    passed     98.53%
 306  PCMP_H415                      3.15%    passed     98.33%
 307  PCMP_H416                      4.40%    passed     98.93%
 308  PCMP_H417                      0.45%    passed     99.57%
 309  PCMP_H418                      0.57%    passed     99.41%
 310  PCMP_H41                       0.57%    passed     98.30%
 311  PCMP_H420                      0.88%    passed     97.92%
 312  PCMP_H421                      0.61%    passed     99.82%
 313  PCMP_H422                      0.77%    passed     99.02%
 314  PCMP_H423                      3.45%    passed     92.04%
 315  PCMP_H424                      1.02%    passed     98.73%
 316  PCMP_H425                      1.24%    passed     98.76%
 317  PCMP_H426                      3.20%    passed     96.42%
 318  PCMP_H427                      0.44%    passed     99.92%
 319  PCMP_H428                      3.19%    passed     98.08%
 320  PCMP_H429                      3.12%    passed     97.52%
 321  PCMP_H42                       0.66%    passed     98.15%
 322  PCMP_H430                      2.85%    passed     97.69%
 323  PCMP_H431                      1.02%    passed     98.98%
 324  PCMP_H432                      1.15%    passed     98.99%
 325  PCMP_H433                      1.69%    passed     99.27%
 326  PCMP_H434                      0.75%    passed     99.56%
 327  PCMP_H436                      0.71%    passed     99.15%
 328  PCMP_H437                      0.70%    passed     99.56%
 329  PCMP_H438                      0.57%    passed     99.59%
 330  PCMP_H439                      0.81%    passed     99.53%
 331  PCMP_H43                       2.10%    passed     99.40%
 332  PCMP_H440                      2.88%    passed     92.71%
 333  PCMP_H441                      2.18%    passed     98.27%
 334  PCMP_H442                      2.27%    passed     96.94%
 335  PCMP_H443                      1.21%    passed     98.51%
 336  PCMP_H444                      3.22%    passed     98.50%
 337  PCMP_H445                      0.56%    passed     99.44%
 338  PCMP_H446                      3.11%    passed     97.23%
 339  PCMP_H447                      3.25%    passed     96.31%
 340  PCMP_H448                      2.00%    passed     95.76%
 341  PCMP_H44                       1.08%    passed     97.07%
 342  PCMP_H450                      4.11%    passed     97.91%
 343  PCMP_H453                      2.51%    passed     95.56%
 344  PCMP_H454                      0.97%    passed     96.40%
 345  PCMP_H455                      0.89%    passed     97.59%
 346  PCMP_H456                      0.82%    passed     98.56%
 347  PCMP_H457                      0.67%    passed     99.80%
 348  PCMP_H458                      0.94%    passed     99.30%
 349  PCMP_H459                      2.89%    passed     93.59%
 350  PCMP_H460                      0.45%    passed     99.76%
 351  PCMP_H461                      0.42%    passed     99.83%
 352  PCMP_H462                      3.26%    passed     96.89%
 353  PCMP_H464                      3.19%    passed     97.51%
 354  PCMP_H465                      0.97%    passed     96.73%
 355  PCMP_H466                      0.17%    passed     99.88%
 356  PCMP_H467                      3.07%    passed     96.63%
 357  PCMP_H468                      0.64%    passed     99.83%
 358  PCMP_H469                      3.25%    passed     98.54%
 359  PCMP_H46                       0.49%    passed     99.82%
 360  PCMP_H470                      0.44%    passed     99.64%
 361  PCMP_H471                      1.05%    passed     99.85%
 362  PCMP_H473                      3.29%    passed     97.41%
 363  PCMP_H474                      0.36%    passed     99.41%
 364  PCMP_H475                      1.17%    passed     98.52%
 365  PCMP_H477                      0.76%    passed     98.56%
 366  PCMP_H478                      0.54%    passed     99.98%
 367  PCMP_H479                      3.36%    passed     93.58%
 368  PCMP_H480                      0.53%    passed     99.63%
 369  PCMP_H481                      0.69%    passed     99.45%
 370  PCMP_H482                      0.60%    passed     99.84%
 371  PCMP_H48                       0.55%    passed     99.58%
 372  PCMP_H49                       0.57%    passed     99.44%
 373  PCMP_H4                        0.97%    passed     98.95%
 374  PCMP_H52                       2.54%    passed     99.43%
 375  PCMP_H54                       1.43%    passed     97.53%
 376  PCMP_H56                       2.28%    passed     98.26%
 377  PCMP_H59                       0.59%    passed     99.29%
 378  PCMP_H5                        1.44%    passed     98.20%
 379  PCMP_H60                       0.92%    passed     99.87%
 380  PCMP_H61                       0.69%    passed     98.29%
 381  PCMP_H65                       0.46%    passed     99.60%
 382  PCMP_H66                       0.29%    passed     99.90%
 383  PCMP_H68                       3.49%    passed     99.09%
 384  PCMP_H69                       3.19%    passed     98.34%
 385  PCMP_H70                       0.57%    passed     99.30%
 386  PCMP_H71                       2.73%    passed     97.19%
 387  PCMP_H72                       0.59%    passed     99.83%
 388  PCMP_H73                       4.42%    passed     99.88%
 389  PCMP_H74                       3.14%    passed     97.16%
 390  PCMP_H75                       0.43%    passed     99.72%
 391  PCMP_H76                       2.78%    passed     90.78%
 392  PCMP_H77                       3.52%    passed     98.01%
 393  PCMP_H78                       3.25%    passed     97.49%
 394  PCMP_H79                       0.57%    passed     99.39%
 395  PCMP_H7                        1.10%    passed     98.47%
 396  PCMP_H81                       3.32%    passed     99.27%
 397  PCMP_H82                       0.43%    passed     99.72%
 398  PCMP_H83                       0.45%    passed     99.13%
 399  PCMP_H84                       3.35%    passed     98.52%
 400  PCMP_H85                       1.38%    passed     98.25%
 401  PCMP_H86                       0.42%    passed     99.36%
 402  PCMP_H87                       3.10%    passed     98.01%
 403  PCMP_H88                       3.33%    passed     97.74%
 404  PCMP_H89                       0.60%    passed     99.73%
 405  PCMP_H8                        2.95%    passed     96.39%
 406  PCMP_H90                       0.36%    passed     99.62%
 407  PCMP_H91                       0.80%    passed     99.88%
 408  PCMP_H93                       2.23%    passed     96.40%
 409  PCMP_H94                       0.38%    passed     99.91%
 410  PCMP_H95                       2.76%    passed     94.53%
 411  PCMP_H96                       3.11%    passed     96.04%
 412  PCMP_H97                       4.30%    passed     99.88%
 413  PCMP_H98                       3.12%    passed     98.74%
 414  PCMP_H99                       0.36%    passed     99.70%
 415  PCMP_H9                        1.88%    passed     97.45%
****  TOTAL                          1.76%  1 sequences failed composition chi2 test (p-value<5%; df=3)
Reading input tree file /gpfs/accounts/esnitkin_root/esnitkin1/kgontjes/Project_Penn_KPC/Sequencing_data/variant_calling/2025-02-17_snpkit_Penn_KPC_ST258/output_files/2025_02_23_21_11_49_core_results/phylokit/results/gubbins/tmpgd051joh/2025_02_23_21_11_49_KPNIH1_genome_aln_w_alt_allele_unmapped.iteration_1.tre.rooted ... rooted tree

NOTE: 320 MB RAM (0 GB) is required!
Estimate model parameters (epsilon = 0.010)
1. Initial log-likelihood: -166311.243
2. Current log-likelihood: -161611.364
3. Current log-likelihood: -161549.584
4. Current log-likelihood: -161451.429
5. Current log-likelihood: -161249.578
6. Current log-likelihood: -160899.095
7. Current log-likelihood: -160505.285
8. Current log-likelihood: -160252.766
9. Current log-likelihood: -160171.556
10. Current log-likelihood: -160159.253
11. Current log-likelihood: -160158.035
12. Current log-likelihood: -160157.962
13. Current log-likelihood: -160157.943
Optimal log-likelihood: -160157.934
Rate parameters:  A-C: 0.99543  A-G: 5.70924  A-T: 0.91969  C-G: 0.42011  C-T: 5.63071  G-T: 1.00000
Base frequencies:  A: 0.227  C: 0.274  G: 0.277  T: 0.222
Gamma shape alpha: 200.161
Parameters optimization took 13 rounds (12.202 sec)
Wrote distance file to... 
BEST SCORE FOUND : -160157.934
Site rates printed to /gpfs/accounts/esnitkin_root/esnitkin1/kgontjes/Project_Penn_KPC/Sequencing_data/variant_calling/2025-02-17_snpkit_Penn_KPC_ST258/output_files/2025_02_23_21_11_49_core_results/phylokit/results/gubbins/tmpgd051joh/2025_02_23_21_11_49_KPNIH1_genome_aln_w_alt_allele_unmapped.iteration_1.mlrate
Total tree length: 2.438

Total number of iterations: 0
CPU time used for tree search: 0.000 sec (0h:0m:0s)
Wall-clock time used for tree search: 0.000 sec (0h:0m:0s)
Total CPU time used: 277.327 sec (0h:4m:37s)
Total wall-clock time used: 16.072 sec (0h:0m:16s)

Analysis results written to: 
  IQ-TREE report:                /gpfs/accounts/esnitkin_root/esnitkin1/kgontjes/Project_Penn_KPC/Sequencing_data/variant_calling/2025-02-17_snpkit_Penn_KPC_ST258/output_files/2025_02_23_21_11_49_core_results/phylokit/results/gubbins/tmpgd051joh/2025_02_23_21_11_49_KPNIH1_genome_aln_w_alt_allele_unmapped.iteration_1.iqtree
  Maximum-likelihood tree:       /gpfs/accounts/esnitkin_root/esnitkin1/kgontjes/Project_Penn_KPC/Sequencing_data/variant_calling/2025-02-17_snpkit_Penn_KPC_ST258/output_files/2025_02_23_21_11_49_core_results/phylokit/results/gubbins/tmpgd051joh/2025_02_23_21_11_49_KPNIH1_genome_aln_w_alt_allele_unmapped.iteration_1.treefile
  Site-specific rates:           /gpfs/accounts/esnitkin_root/esnitkin1/kgontjes/Project_Penn_KPC/Sequencing_data/variant_calling/2025-02-17_snpkit_Penn_KPC_ST258/output_files/2025_02_23_21_11_49_core_results/phylokit/results/gubbins/tmpgd051joh/2025_02_23_21_11_49_KPNIH1_genome_aln_w_alt_allele_unmapped.iteration_1.rate
  Screen log file:               /gpfs/accounts/esnitkin_root/esnitkin1/kgontjes/Project_Penn_KPC/Sequencing_data/variant_calling/2025-02-17_snpkit_Penn_KPC_ST258/output_files/2025_02_23_21_11_49_core_results/phylokit/results/gubbins/tmpgd051joh/2025_02_23_21_11_49_KPNIH1_genome_aln_w_alt_allele_unmapped.iteration_1.log

Date and Time: Sun Feb 23 23:18:26 2025

--- Gubbins 3.3.5 ---

Croucher N. J., Page A. J., Connor T. R., Delaney A. J., Keane J. A., Bentley S. D., Parkhill J., Harris S.R. "Rapid phylogenetic analysis of large samples of recombinant bacterial whole genome sequences using Gubbins". Nucleic Acids Res. 2015 Feb 18;43(3):e15. doi: 10.1093/nar/gku1196.

Checking dependencies and input files...

Checking input alignment file...

Filtering input alignment...
Sample gi|661922017|gb|CP008827.1| has missing data percentage of 0.0
Sample PCMP_H100 has missing data percentage of 3.2866362529421274
Sample PCMP_H101 has missing data percentage of 0.5406135939263516
Sample PCMP_H103 has missing data percentage of 2.983154049568636
Sample PCMP_H104 has missing data percentage of 2.4717021847752414
Sample PCMP_H105 has missing data percentage of 0.16733233766946431
Sample PCMP_H106 has missing data percentage of 0.9134684549066602
Sample PCMP_H107 has missing data percentage of 3.4494636318199143
Sample PCMP_H108 has missing data percentage of 0.07936513821880974
Sample PCMP_H109 has missing data percentage of 2.2052051369136696
Sample PCMP_H10 has missing data percentage of 0.09039579863464525
Sample PCMP_H110 has missing data percentage of 0.1744698238208873
Sample PCMP_H111 has missing data percentage of 3.255602092377239
Sample PCMP_H112 has missing data percentage of 3.2836700249311463
Sample PCMP_H113 has missing data percentage of 0.26987113222406295
Sample PCMP_H115 has missing data percentage of 0.5329384789479382
Sample PCMP_H116 has missing data percentage of 2.6213483879292316
Sample PCMP_H117 has missing data percentage of 0.5741319704504365
Sample PCMP_H118 has missing data percentage of 3.1731224147468993
Sample PCMP_H119 has missing data percentage of 0.6374238606347431
Sample PCMP_H11 has missing data percentage of 0.08019938984689814
Sample PCMP_H120 has missing data percentage of 0.995892515761794
Sample PCMP_H121 has missing data percentage of 0.5707764250130143
Sample PCMP_H122 has missing data percentage of 1.2607766771423952
Sample PCMP_H123 has missing data percentage of 2.3741688999891735
Sample PCMP_H124 has missing data percentage of 0.4839215610664776
Sample PCMP_H125 has missing data percentage of 3.2318908072144596
Sample PCMP_H12 has missing data percentage of 0.6133417969705913
Sample PCMP_H130 has missing data percentage of 3.077999190219753
Sample PCMP_H131 has missing data percentage of 0.9580360307716493
Sample PCMP_H132 has missing data percentage of 0.6835116283553601
Sample PCMP_H133 has missing data percentage of 1.7340754341445472
Sample PCMP_H134 has missing data percentage of 1.385117247577704
Sample PCMP_H135 has missing data percentage of 0.11447786229879704
Sample PCMP_H136 has missing data percentage of 0.6250027808387603
Sample PCMP_H137 has missing data percentage of 3.415871099595555
Sample PCMP_H138 has missing data percentage of 2.4195521885571822
Sample PCMP_H13 has missing data percentage of 0.9678616610580238
Sample PCMP_H140 has missing data percentage of 2.4061114678824245
Sample PCMP_H141 has missing data percentage of 2.434235017211538
Sample PCMP_H142 has missing data percentage of 2.357595100977817
Sample PCMP_H143 has missing data percentage of 2.4253548721036635
Sample PCMP_H144 has missing data percentage of 1.8770290853487617
Sample PCMP_H145 has missing data percentage of 0.8243518421017505
Sample PCMP_H146 has missing data percentage of 1.4983715408219715
Sample PCMP_H147 has missing data percentage of 2.5510673229940513
Sample PCMP_H148 has missing data percentage of 3.444254193875629
Sample PCMP_H149 has missing data percentage of 3.2726208255902423
Sample PCMP_H14 has missing data percentage of 3.265353566963339
Sample PCMP_H150 has missing data percentage of 3.4146289916159565
Sample PCMP_H151 has missing data percentage of 3.184134536237666
Sample PCMP_H152 has missing data percentage of 2.957996728250504
Sample PCMP_H153 has missing data percentage of 2.957032704146935
Sample PCMP_H154 has missing data percentage of 0.9995261450752458
Sample PCMP_H155 has missing data percentage of 2.451976768502218
Sample PCMP_H156 has missing data percentage of 0.39513864891280326
Sample PCMP_H157 has missing data percentage of 3.3246781271829584
Sample PCMP_H158 has missing data percentage of 3.319320377838124
Sample PCMP_H159 has missing data percentage of 1.1831727368051055
Sample PCMP_H15 has missing data percentage of 2.312248890259945
Sample PCMP_H160 has missing data percentage of 0.9368089615680668
Sample PCMP_H161 has missing data percentage of 2.434772646038528
Sample PCMP_H162 has missing data percentage of 3.4404166363864226
Sample PCMP_H163 has missing data percentage of 1.8313491739796546
Sample PCMP_H165 has missing data percentage of 0.6143428989242974
Sample PCMP_H166 has missing data percentage of 3.2787015930127534
Sample PCMP_H167 has missing data percentage of 4.0890380077626185
Sample PCMP_H168 has missing data percentage of 2.444487042774491
Sample PCMP_H169 has missing data percentage of 0.695877091376137
Sample PCMP_H16 has missing data percentage of 0.5787296238674571
Sample PCMP_H170 has missing data percentage of 3.3822229505959895
Sample PCMP_H171 has missing data percentage of 3.540990304883746
Sample PCMP_H172 has missing data percentage of 3.3366357338522254
Sample PCMP_H173 has missing data percentage of 3.072863907975742
Sample PCMP_H174 has missing data percentage of 3.2955720148252077
Sample PCMP_H175 has missing data percentage of 1.8475892723397755
Sample PCMP_H176 has missing data percentage of 0.11488571865030693
Sample PCMP_H177 has missing data percentage of 0.5500499067862847
Sample PCMP_H178 has missing data percentage of 0.1989782827616176
Sample PCMP_H179 has missing data percentage of 0.0644413035385617
Sample PCMP_H17 has missing data percentage of 0.5620816691558264
Sample PCMP_H181 has missing data percentage of 3.439026217006275
Sample PCMP_H182 has missing data percentage of 0.4083939803368745
Sample PCMP_H183 has missing data percentage of 0.606222849744237
Sample PCMP_H184 has missing data percentage of 1.2024161410263445
Sample PCMP_H186 has missing data percentage of 1.0354360429331841
Sample PCMP_H187 has missing data percentage of 3.6642556176650745
Sample PCMP_H18 has missing data percentage of 2.5494915143632175
Sample PCMP_H191 has missing data percentage of 3.3321678529106853
Sample PCMP_H192 has missing data percentage of 0.5820295525296734
Sample PCMP_H193 has missing data percentage of 3.394310329740737
Sample PCMP_H194 has missing data percentage of 0.5347367546795955
Sample PCMP_H195 has missing data percentage of 2.4749279577371834
Sample PCMP_H196 has missing data percentage of 3.5058405029536215
Sample PCMP_H197 has missing data percentage of 0.4918006042206458
Sample PCMP_H198 has missing data percentage of 0.5825115645814578
Sample PCMP_H199 has missing data percentage of 0.07977299457031962
Sample PCMP_H19 has missing data percentage of 4.093394655153747
Sample PCMP_H1 has missing data percentage of 0.3734666455075735
Sample PCMP_H200 has missing data percentage of 0.17480352447212263
Sample PCMP_H201 has missing data percentage of 3.2946079907216386
Sample PCMP_H202 has missing data percentage of 0.11692500040785635
Sample PCMP_H204 has missing data percentage of 0.09447436214974408
Sample PCMP_H205 has missing data percentage of 1.7892843529989306
Sample PCMP_H206 has missing data percentage of 0.5230201540362206
Sample PCMP_H207 has missing data percentage of 2.909053966069318
Sample PCMP_H208 has missing data percentage of 3.3170771679048197
Sample PCMP_H209 has missing data percentage of 0.3745048253114169
Sample PCMP_H210 has missing data percentage of 2.341373541542765
Sample PCMP_H211 has missing data percentage of 2.930763047324685
Sample PCMP_H212 has missing data percentage of 3.222973584256448
Sample PCMP_H213 has missing data percentage of 0.6445798857112347
Sample PCMP_H214 has missing data percentage of 0.1145705569241402
Sample PCMP_H215 has missing data percentage of 3.3055830343622685
Sample PCMP_H216 has missing data percentage of 0.5000875037263239
Sample PCMP_H218 has missing data percentage of 1.7816833937207919
Sample PCMP_H219 has missing data percentage of 0.5697938619843769
Sample PCMP_H21 has missing data percentage of 2.4274683095614877
Sample PCMP_H220 has missing data percentage of 3.4538202792110426
Sample PCMP_H221 has missing data percentage of 1.0481352066051965
Sample PCMP_H222 has missing data percentage of 1.5049343202962668
Sample PCMP_H223 has missing data percentage of 3.3016898600978557
Sample PCMP_H224 has missing data percentage of 3.401021420615581
Sample PCMP_H225 has missing data percentage of 3.313795778167672
Sample PCMP_H226 has missing data percentage of 0.5642321844637875
Sample PCMP_H227 has missing data percentage of 0.5461381935968036
Sample PCMP_H229 has missing data percentage of 1.7802373575654387
Sample PCMP_H22 has missing data percentage of 0.5710545088890437
Sample PCMP_H230 has missing data percentage of 2.457000817195817
Sample PCMP_H231 has missing data percentage of 3.2752348140249192
Sample PCMP_H232 has missing data percentage of 2.4602451290828276
Sample PCMP_H233 has missing data percentage of 0.5201466206505828
Sample PCMP_H234 has missing data percentage of 2.5067963699301603
Sample PCMP_H235 has missing data percentage of 0.14897880185151952
Sample PCMP_H236 has missing data percentage of 1.795550509672128
Sample PCMP_H237 has missing data percentage of 0.1724490809884065
Sample PCMP_H238 has missing data percentage of 1.7782351536580265
Sample PCMP_H239 has missing data percentage of 0.529786861686271
Sample PCMP_H23 has missing data percentage of 3.4304797725496363
Sample PCMP_H240 has missing data percentage of 0.826687746660398
Sample PCMP_H241 has missing data percentage of 1.637394939911636
Sample PCMP_H242 has missing data percentage of 2.59645061156206
Sample PCMP_H243 has missing data percentage of 12.533685226849702
Sample PCMP_H246 has missing data percentage of 2.427950321613272
Sample PCMP_H247 has missing data percentage of 0.530991891815732
Sample PCMP_H249 has missing data percentage of 3.9858688897556864
Sample PCMP_H250 has missing data percentage of 2.8389397514597547
Sample PCMP_H251 has missing data percentage of 0.5004026654524907
Sample PCMP_H252 has missing data percentage of 1.4978709898451184
Sample PCMP_H253 has missing data percentage of 3.4744911806625662
Sample PCMP_H254 has missing data percentage of 3.403190474848611
Sample PCMP_H255 has missing data percentage of 3.2837256417063525
Sample PCMP_H256 has missing data percentage of 1.2079036628466593
Sample PCMP_H257 has missing data percentage of 0.9984323484961966
Sample PCMP_H258 has missing data percentage of 2.8209755330682516
Sample PCMP_H259 has missing data percentage of 0.7526432799362854
Sample PCMP_H261 has missing data percentage of 3.333391421965215
Sample PCMP_H262 has missing data percentage of 3.2614603926989263
Sample PCMP_H264 has missing data percentage of 0.5688298378808081
Sample PCMP_H265 has missing data percentage of 1.0384393487943024
Sample PCMP_H266 has missing data percentage of 1.4334296863065568
Sample PCMP_H267 has missing data percentage of 0.07419277812466167
Sample PCMP_H268 has missing data percentage of 0.06499747129062064
Sample PCMP_H269 has missing data percentage of 3.366557558912996
Sample PCMP_H26 has missing data percentage of 1.2444809620070685
Sample PCMP_H270 has missing data percentage of 2.4418545154147453
Sample PCMP_H271 has missing data percentage of 2.4631001235433967
Sample PCMP_H272 has missing data percentage of 0.4891124600856943
Sample PCMP_H273 has missing data percentage of 0.8114858281041205
Sample PCMP_H274 has missing data percentage of 1.5811293023283406
Sample PCMP_H275 has missing data percentage of 0.5386484678690766
Sample PCMP_H276 has missing data percentage of 3.2864694026165098
Sample PCMP_H277 has missing data percentage of 0.11460763477427746
Sample PCMP_H278 has missing data percentage of 0.6438754065586267
Sample PCMP_H27 has missing data percentage of 0.5560935963586585
Sample PCMP_H280 has missing data percentage of 0.49461852083107777
Sample PCMP_H281 has missing data percentage of 2.430471615422606
Sample PCMP_H282 has missing data percentage of 4.485659770680912
Sample PCMP_H283 has missing data percentage of 0.18576002918768364
Sample PCMP_H284 has missing data percentage of 0.06801931607680752
Sample PCMP_H285 has missing data percentage of 3.226366207544008
Sample PCMP_H286 has missing data percentage of 0.6497151679552455
Sample PCMP_H287 has missing data percentage of 2.930800125174822
Sample PCMP_H288 has missing data percentage of 0.07339560434671052
Sample PCMP_H289 has missing data percentage of 1.8527616324339236
Sample PCMP_H290 has missing data percentage of 0.37402281325963244
Sample PCMP_H291 has missing data percentage of 3.370747355978507
Sample PCMP_H292 has missing data percentage of 3.4406576424123148
Sample PCMP_H293 has missing data percentage of 4.484417662701314
Sample PCMP_H294 has missing data percentage of 0.07402592779904399
Sample PCMP_H295 has missing data percentage of 0.6104682635849535
Sample PCMP_H296 has missing data percentage of 3.9039268409523373
Sample PCMP_H297 has missing data percentage of 3.1391961818713043
Sample PCMP_H299 has missing data percentage of 0.8580370689514533
Sample PCMP_H2 has missing data percentage of 0.07335852649657326
Sample PCMP_H300 has missing data percentage of 0.5717033712664459
Sample PCMP_H301 has missing data percentage of 3.465963275130996
Sample PCMP_H302 has missing data percentage of 0.07213495744204361
Sample PCMP_H303 has missing data percentage of 3.263499674456476
Sample PCMP_H305 has missing data percentage of 3.193774777273354
Sample PCMP_H306 has missing data percentage of 0.9355297757383312
Sample PCMP_H307 has missing data percentage of 3.5224699187401836
Sample PCMP_H308 has missing data percentage of 4.4639692283506145
Sample PCMP_H309 has missing data percentage of 0.16236390575107118
Sample PCMP_H30 has missing data percentage of 3.20669640804619
Sample PCMP_H311 has missing data percentage of 0.5171989315646704
Sample PCMP_H312 has missing data percentage of 0.5310660475160065
Sample PCMP_H313 has missing data percentage of 3.490879590423236
Sample PCMP_H314 has missing data percentage of 2.7131346059440244
Sample PCMP_H315 has missing data percentage of 1.0383095763188221
Sample PCMP_H316 has missing data percentage of 2.416993816897711
Sample PCMP_H317 has missing data percentage of 0.9204205518073969
Sample PCMP_H318 has missing data percentage of 4.287256194596423
Sample PCMP_H319 has missing data percentage of 0.5666607836477782
Sample PCMP_H31 has missing data percentage of 0.5339951976768502
Sample PCMP_H320 has missing data percentage of 3.4604201365354754
Sample PCMP_H322 has missing data percentage of 0.5398164201484004
Sample PCMP_H323 has missing data percentage of 3.3465540587639433
Sample PCMP_H325 has missing data percentage of 0.7857908779589978
Sample PCMP_H326 has missing data percentage of 1.4668553682052985
Sample PCMP_H327 has missing data percentage of 0.8969317337454413
Sample PCMP_H328 has missing data percentage of 0.5413736898541655
Sample PCMP_H329 has missing data percentage of 0.07206080174176908
Sample PCMP_H32 has missing data percentage of 3.2792577607648123
Sample PCMP_H330 has missing data percentage of 1.414371671336004
Sample PCMP_H331 has missing data percentage of 1.185100785012243
Sample PCMP_H332 has missing data percentage of 0.07376638284808315
Sample PCMP_H335 has missing data percentage of 3.3708029727537125
Sample PCMP_H337 has missing data percentage of 2.9291686997687827
Sample PCMP_H338 has missing data percentage of 0.07443378415055386
Sample PCMP_H339 has missing data percentage of 0.5855334093676446
Sample PCMP_H33 has missing data percentage of 0.5700534069353377
Sample PCMP_H340 has missing data percentage of 0.5037952887400502
Sample PCMP_H342 has missing data percentage of 4.26115338809979
Sample PCMP_H343 has missing data percentage of 0.1726344702390928
Sample PCMP_H345 has missing data percentage of 3.4028753131224443
Sample PCMP_H346 has missing data percentage of 1.4070117180837574
Sample PCMP_H347 has missing data percentage of 0.5219263574571714
Sample PCMP_H348 has missing data percentage of 1.7165190721045536
Sample PCMP_H349 has missing data percentage of 3.481091037986999
Sample PCMP_H34 has missing data percentage of 1.0480239730547847
Sample PCMP_H350 has missing data percentage of 3.2548049185992878
Sample PCMP_H351 has missing data percentage of 0.07172710109053373
Sample PCMP_H353 has missing data percentage of 2.4766335388434975
Sample PCMP_H354 has missing data percentage of 0.8285787170173984
Sample PCMP_H355 has missing data percentage of 0.124581576461201
Sample PCMP_H356 has missing data percentage of 1.258385155808542
Sample PCMP_H357 has missing data percentage of 1.4252540203512905
Sample PCMP_H359 has missing data percentage of 3.462904352494672
Sample PCMP_H35 has missing data percentage of 0.060844752075247276
Sample PCMP_H360 has missing data percentage of 3.2608486081716617
Sample PCMP_H361 has missing data percentage of 2.8562365685487876
Sample PCMP_H362 has missing data percentage of 1.8497397876477366
Sample PCMP_H365 has missing data percentage of 2.7317106088627927
Sample PCMP_H367 has missing data percentage of 2.018740628573378
Sample PCMP_H36 has missing data percentage of 2.2480856705974133
Sample PCMP_H370 has missing data percentage of 0.893131254106372
Sample PCMP_H371 has missing data percentage of 0.060029039372227505
Sample PCMP_H372 has missing data percentage of 3.3268286424909195
Sample PCMP_H373 has missing data percentage of 0.5588744351189532
Sample PCMP_H374 has missing data percentage of 0.5339951976768502
Sample PCMP_H375 has missing data percentage of 1.4570482768439927
Sample PCMP_H376 has missing data percentage of 2.4412427308874807
Sample PCMP_H377 has missing data percentage of 3.3293870141503907
Sample PCMP_H378 has missing data percentage of 0.8717558735022403
Sample PCMP_H379 has missing data percentage of 0.5943950155504504
Sample PCMP_H37 has missing data percentage of 4.405534536534289
Sample PCMP_H380 has missing data percentage of 0.5407062885516947
Sample PCMP_H381 has missing data percentage of 0.5474915351268137
Sample PCMP_H382 has missing data percentage of 0.5416888515803321
Sample PCMP_H383 has missing data percentage of 3.0092753949903375
Sample PCMP_H384 has missing data percentage of 2.8701407623502613
Sample PCMP_H385 has missing data percentage of 0.6416321966253223
Sample PCMP_H386 has missing data percentage of 3.4534865785598075
Sample PCMP_H387 has missing data percentage of 0.6447096581867151
Sample PCMP_H388 has missing data percentage of 1.9877991626338325
Sample PCMP_H389 has missing data percentage of 0.8288382619683592
Sample PCMP_H38 has missing data percentage of 1.5147970284327785
Sample PCMP_H390 has missing data percentage of 3.2268667585208606
Sample PCMP_H391 has missing data percentage of 3.3406401416670497
Sample PCMP_H392 has missing data percentage of 2.3869051415113227
Sample PCMP_H393 has missing data percentage of 0.09477098495084219
Sample PCMP_H394 has missing data percentage of 1.2565498022267474
Sample PCMP_H395 has missing data percentage of 0.7155839687240918
Sample PCMP_H396 has missing data percentage of 3.24041871274603
Sample PCMP_H397 has missing data percentage of 0.07295067014506339
Sample PCMP_H398 has missing data percentage of 1.3415878515165582
Sample PCMP_H399 has missing data percentage of 2.342875194473324
Sample PCMP_H39 has missing data percentage of 0.5705910357623281
Sample PCMP_H3 has missing data percentage of 0.1746552130715736
Sample PCMP_H400 has missing data percentage of 3.1578834183404845
Sample PCMP_H401 has missing data percentage of 3.436449306421735
Sample PCMP_H402 has missing data percentage of 0.5415776180299203
Sample PCMP_H404 has missing data percentage of 1.0397926903243124
Sample PCMP_H405 has missing data percentage of 1.9189826727790738
Sample PCMP_H406 has missing data percentage of 0.5899271346089102
Sample PCMP_H407 has missing data percentage of 4.35892767891175
Sample PCMP_H408 has missing data percentage of 3.4098459489482495
Sample PCMP_H409 has missing data percentage of 0.5009588332045496
Sample PCMP_H40 has missing data percentage of 2.8899403343235592
Sample PCMP_H410 has missing data percentage of 1.681517581574978
Sample PCMP_H411 has missing data percentage of 0.8678070824626218
Sample PCMP_H412 has missing data percentage of 3.114798956480986
Sample PCMP_H413 has missing data percentage of 3.510938707347495
Sample PCMP_H414 has missing data percentage of 3.151339177791258
Sample PCMP_H415 has missing data percentage of 3.2960169490268547
Sample PCMP_H416 has missing data percentage of 4.51413555958633
Sample PCMP_H417 has missing data percentage of 0.538982168520312
Sample PCMP_H418 has missing data percentage of 0.5468241338243429
Sample PCMP_H41 has missing data percentage of 0.8040517191515995
Sample PCMP_H420 has missing data percentage of 1.1006374423995597
Sample PCMP_H421 has missing data percentage of 0.8211446080648773
Sample PCMP_H422 has missing data percentage of 1.378888168754644
Sample PCMP_H423 has missing data percentage of 3.1483914887053452
Sample PCMP_H424 has missing data percentage of 1.945956808753932
Sample PCMP_H425 has missing data percentage of 1.5486861834582362
Sample PCMP_H426 has missing data percentage of 3.426975915711665
Sample PCMP_H427 has missing data percentage of 0.5532015240479521
Sample PCMP_H428 has missing data percentage of 3.258827865339181
Sample PCMP_H429 has missing data percentage of 3.246295551992786
Sample PCMP_H42 has missing data percentage of 0.8702727594967498
Sample PCMP_H430 has missing data percentage of 2.9683414484388
Sample PCMP_H431 has missing data percentage of 1.5016714694841877
Sample PCMP_H432 has missing data percentage of 1.4298702126933795
Sample PCMP_H433 has missing data percentage of 1.899776346407972
Sample PCMP_H434 has missing data percentage of 1.3062526603357474
Sample PCMP_H436 has missing data percentage of 1.2566054190019533
Sample PCMP_H437 has missing data percentage of 0.2483289012943136
Sample PCMP_H438 has missing data percentage of 0.06931704083161168
Sample PCMP_H439 has missing data percentage of 0.744170991179921
Sample PCMP_H43 has missing data percentage of 2.358818670032347
Sample PCMP_H440 has missing data percentage of 2.5405001357049315
Sample PCMP_H441 has missing data percentage of 0.6495668565546965
Sample PCMP_H442 has missing data percentage of 2.4714982565994865
Sample PCMP_H443 has missing data percentage of 1.4678750090840733
Sample PCMP_H444 has missing data percentage of 3.4493709371945713
Sample PCMP_H445 has missing data percentage of 0.5383703839930472
Sample PCMP_H446 has missing data percentage of 3.2240303029853603
Sample PCMP_H447 has missing data percentage of 3.2306116213847242
Sample PCMP_H448 has missing data percentage of 2.336534882099852
Sample PCMP_H44 has missing data percentage of 0.8212929194654264
Sample PCMP_H450 has missing data percentage of 1.5836135182875373
Sample PCMP_H453 has missing data percentage of 2.4364226103696365
Sample PCMP_H454 has missing data percentage of 0.9754255424860253
Sample PCMP_H455 has missing data percentage of 0.9852326338473312
Sample PCMP_H456 has missing data percentage of 1.0389213608460868
Sample PCMP_H457 has missing data percentage of 0.17439566812061277
Sample PCMP_H458 has missing data percentage of 0.1654042894623267
Sample PCMP_H459 has missing data percentage of 3.1988915205922965
Sample PCMP_H460 has missing data percentage of 0.553405452223707
Sample PCMP_H461 has missing data percentage of 0.5518667214430106
Sample PCMP_H462 has missing data percentage of 3.434558336064735
Sample PCMP_H464 has missing data percentage of 3.3036179083049935
Sample PCMP_H465 has missing data percentage of 0.9850472445966449
Sample PCMP_H466 has missing data percentage of 0.2690924973711804
Sample PCMP_H467 has missing data percentage of 3.2162254155314667
Sample PCMP_H468 has missing data percentage of 0.8361425984454
Sample PCMP_H469 has missing data percentage of 3.2995022669397573
Sample PCMP_H46 has missing data percentage of 0.630193679857977
Sample PCMP_H470 has missing data percentage of 0.5504577631377946
Sample PCMP_H471 has missing data percentage of 1.1951488823994412
Sample PCMP_H473 has missing data percentage of 3.378218542781165
Sample PCMP_H474 has missing data percentage of 0.06184585402895335
Sample PCMP_H475 has missing data percentage of 1.5084381771342381
Sample PCMP_H477 has missing data percentage of 1.0384949655695084
Sample PCMP_H478 has missing data percentage of 0.6394631423922925
Sample PCMP_H479 has missing data percentage of 3.5463480542285803
Sample PCMP_H480 has missing data percentage of 0.09575354797947963
Sample PCMP_H481 has missing data percentage of 0.5676618856014843
Sample PCMP_H482 has missing data percentage of 0.5831233491087227
Sample PCMP_H48 has missing data percentage of 0.6474534190968726
Sample PCMP_H49 has missing data percentage of 0.7398884994890672
Sample PCMP_H4 has missing data percentage of 0.08698463642201712
Sample PCMP_H52 has missing data percentage of 2.513674311130622
Sample PCMP_H54 has missing data percentage of 1.0672673772760237
Sample PCMP_H56 has missing data percentage of 2.358040035179464
Sample PCMP_H59 has missing data percentage of 0.7437816737534798
Sample PCMP_H5 has missing data percentage of 0.8063134680099725
Sample PCMP_H60 has missing data percentage of 1.3412912287154601
Sample PCMP_H61 has missing data percentage of 0.4176449039461214
Sample PCMP_H65 has missing data percentage of 0.5438949836634992
Sample PCMP_H66 has missing data percentage of 0.6105609582102967
Sample PCMP_H68 has missing data percentage of 2.909443283495759
Sample PCMP_H69 has missing data percentage of 3.4100127992738676
Sample PCMP_H70 has missing data percentage of 0.5614513457034929
Sample PCMP_H71 has missing data percentage of 2.5825278788355184
Sample PCMP_H72 has missing data percentage of 0.555463272906325
Sample PCMP_H73 has missing data percentage of 4.582970588366157
Sample PCMP_H74 has missing data percentage of 3.2893985527773535
Sample PCMP_H75 has missing data percentage of 0.5950438779278524
Sample PCMP_H76 has missing data percentage of 1.5135919983033175
Sample PCMP_H77 has missing data percentage of 2.8870111841627155
Sample PCMP_H78 has missing data percentage of 3.320024856990732
Sample PCMP_H79 has missing data percentage of 0.936141560265596
Sample PCMP_H7 has missing data percentage of 1.43839811822495
Sample PCMP_H81 has missing data percentage of 3.2003375567476495
Sample PCMP_H82 has missing data percentage of 0.5247071962174661
Sample PCMP_H83 has missing data percentage of 0.07235742454286719
Sample PCMP_H84 has missing data percentage of 3.3815184714433815
Sample PCMP_H85 has missing data percentage of 1.302396563921472
Sample PCMP_H86 has missing data percentage of 0.05982511119647256
Sample PCMP_H87 has missing data percentage of 3.2263105907688017
Sample PCMP_H88 has missing data percentage of 3.266447363542388
Sample PCMP_H89 has missing data percentage of 0.2515361353311868
Sample PCMP_H8 has missing data percentage of 3.184097458387529
Sample PCMP_H90 has missing data percentage of 0.16282737887778695
Sample PCMP_H91 has missing data percentage of 1.1197139962951812
Sample PCMP_H93 has missing data percentage of 2.4507531994476883
Sample PCMP_H94 has missing data percentage of 0.541948396531293
Sample PCMP_H95 has missing data percentage of 2.7417030894747847
Sample PCMP_H96 has missing data percentage of 3.201116191600532
Sample PCMP_H97 has missing data percentage of 4.460891766789222
Sample PCMP_H98 has missing data percentage of 3.276699389105341
Sample PCMP_H99 has missing data percentage of 0.5172360094148077
Sample PCMP_H9 has missing data percentage of 2.029530282963321
...done. Run time: 110.65 s

Running Gubbins to detect SNPs...
gubbins "/gpfs/accounts/esnitkin_root/esnitkin1/kgontjes/Project_Penn_KPC/Sequencing_data/variant_calling/2025-02-17_snpkit_Penn_KPC_ST258/output_files/2025_02_23_21_11_49_core_results/phylokit/results/gubbins/tmpgd051joh/2025_02_23_21_11_49_KPNIH1_genome_aln_w_alt_allele_unmapped.fa"
...done. Run time: 163.77 s

Entering the main loop.

*** Iteration 1 ***

Constructing the phylogenetic tree with FastTreeMP...
FastTreeMP -nt -nocat -seed 5357 -nosupport -out 2025_02_23_21_11_49_KPNIH1_genome_aln_w_alt_allele_unmapped.iteration_1.tre -log 2025_02_23_21_11_49_KPNIH1_genome_aln_w_alt_allele_unmapped.iteration_1.log /gpfs/accounts/esnitkin_root/esnitkin1/kgontjes/Project_Penn_KPC/Sequencing_data/variant_calling/2025-02-17_snpkit_Penn_KPC_ST258/output_files/2025_02_23_21_11_49_core_results/phylokit/results/gubbins/2025_02_23_21_11_49_KPNIH1_genome_aln_w_alt_allele_unmapped.fa.snp_sites.aln
...done. Run time: 350.64 s
Edge length is: 5.992949163

Reconstructing ancestral sequences with pyjar...
Finding unique base patterns
Time taken to load unique base patterns: 2.942815897999992 seconds
Unique base patterns:  1235384

Fitting substitution model to tree...
iqtree -nt 18 -safe -redo -m GTR+G4 -seed 9004 -s 2025_02_23_21_11_49_KPNIH1_genome_aln_w_alt_allele_unmapped.fa.snp_sites.aln -t /gpfs/accounts/esnitkin_root/esnitkin1/kgontjes/Project_Penn_KPC/Sequencing_data/variant_calling/2025-02-17_snpkit_Penn_KPC_ST258/output_files/2025_02_23_21_11_49_core_results/phylokit/results/gubbins/tmpgd051joh/2025_02_23_21_11_49_KPNIH1_genome_aln_w_alt_allele_unmapped.iteration_1.tre.rooted --prefix /gpfs/accounts/esnitkin_root/esnitkin1/kgontjes/Project_Penn_KPC/Sequencing_data/variant_calling/2025-02-17_snpkit_Penn_KPC_ST258/output_files/2025_02_23_21_11_49_core_results/phylokit/results/gubbins/tmpgd051joh/2025_02_23_21_11_49_KPNIH1_genome_aln_w_alt_allele_unmapped.iteration_1  -n 0 --mlrate -redo

Running joint ancestral reconstruction with pyjar
Reading tree file: /gpfs/accounts/esnitkin_root/esnitkin1/kgontjes/Project_Penn_KPC/Sequencing_data/variant_calling/2025-02-17_snpkit_Penn_KPC_ST258/output_files/2025_02_23_21_11_49_core_results/phylokit/results/gubbins/tmpgd051joh/2025_02_23_21_11_49_KPNIH1_genome_aln_w_alt_allele_unmapped.iteration_1.treefile
Reading info file: /gpfs/accounts/esnitkin_root/esnitkin1/kgontjes/Project_Penn_KPC/Sequencing_data/variant_calling/2025-02-17_snpkit_Penn_KPC_ST258/output_files/2025_02_23_21_11_49_core_results/phylokit/results/gubbins/tmpgd051joh/2025_02_23_21_11_49_KPNIH1_genome_aln_w_alt_allele_unmapped.iteration_1.log
Frequencies: 0.227, 0.274, 0.277, 0.222
Rates: 0.99543, 5.70924, 0.91969, 0.42011, 5.63071, 1.0
Reconstructing sites on tree
IQ-TREE multicore version 2.3.4 COVID-edition for Linux x86 64-bit built Jun 18 2024
Developed by Bui Quang Minh, James Barbetti, Nguyen Lam Tung, Olga Chernomor,
Heiko Schmidt, Dominik Schrempf, Michael Woodhams, Ly Trong Nhan, Thomas Wong

Host:    gl3060.arc-ts.umich.edu (AVX512, FMA3, 186 GB RAM)
Command: iqtree -nt 18 -safe -redo -m GTR -seed 6104 -s 2025_02_23_21_11_49_KPNIH1_genome_aln_w_alt_allele_unmapped.iteration_1.tre.snp_sites.aln -m TESTONLY -mset JC,K2P,HKY,GTR -cmax 4 --prefix 2025_02_23_21_11_49_KPNIH1_genome_aln_w_alt_allele_unmapped
Seed:    6104 (Using SPRNG - Scalable Parallel Random Number Generator)
Time:    Sun Feb 23 23:21:46 2025
Kernel:  Safe AVX+FMA - 18 threads (19 CPU cores detected)

Reading alignment file 2025_02_23_21_11_49_KPNIH1_genome_aln_w_alt_allele_unmapped.iteration_1.tre.snp_sites.aln ... Fasta format detected
Reading fasta file: done in 0.188385 secs using 92.15% CPU
Alignment most likely contains DNA/RNA sequences
Alignment has 415 sequences with 26473 columns, 4516 distinct patterns
2062 parsimony-informative, 24411 singleton sites, 0 constant sites
                             Gap/Ambiguity  Composition  p-value
Analyzing sequences: done in 0.000692149 secs using 2527% CPU
   1  gi|661922017|gb|CP008827.1|    0.00%    passed     99.39%
   2  PCMP_H100                      2.40%    passed     99.73%
   3  PCMP_H101                      0.19%    passed     99.93%
   4  PCMP_H103                      1.84%    passed     99.10%
   5  PCMP_H104                      2.14%    passed     99.58%
   6  PCMP_H105                      0.15%    passed     99.95%
   7  PCMP_H106                      0.40%    passed     99.89%
   8  PCMP_H107                      2.35%    passed     99.62%
   9  PCMP_H108                      0.06%    passed    100.00%
  10  PCMP_H109                      1.12%    passed     98.69%
  11  PCMP_H10                       0.30%    passed     99.91%
  12  PCMP_H110                      0.15%    passed     99.96%
  13  PCMP_H111                      2.33%    passed     99.59%
  14  PCMP_H112                      2.39%    passed     99.85%
  15  PCMP_H113                      0.12%    passed     99.77%
  16  PCMP_H115                      0.13%    passed     99.68%
  17  PCMP_H116                      1.45%    passed     99.45%
  18  PCMP_H117                      0.28%    passed     99.75%
  19  PCMP_H118                      2.32%    passed     99.47%
  20  PCMP_H119                      0.34%    passed     99.87%
  21  PCMP_H11                       0.13%    passed     99.93%
  22  PCMP_H120                      0.43%    passed     99.55%
  23  PCMP_H121                      0.25%    passed    100.00%
  24  PCMP_H122                      0.57%    passed     99.45%
  25  PCMP_H123                      2.10%    passed     99.95%
  26  PCMP_H124                      0.24%    passed     99.99%
  27  PCMP_H125                      2.33%    passed     99.27%
  28  PCMP_H12                       0.23%    passed     99.98%
  29  PCMP_H130                      2.02%    passed     99.68%
  30  PCMP_H131                      0.36%    passed     99.86%
  31  PCMP_H132                      0.21%    passed     99.88%
  32  PCMP_H133                      1.09%    passed     99.93%
  33  PCMP_H134                      0.84%    passed     99.55%
  34  PCMP_H135                      0.20%    passed     99.64%
  35  PCMP_H136                      0.26%    passed     99.97%
  36  PCMP_H137                      2.36%    passed     99.64%
  37  PCMP_H138                      2.11%    passed     99.97%
  38  PCMP_H13                       0.36%    passed     99.84%
  39  PCMP_H140                      2.17%    passed     99.74%
  40  PCMP_H141                      2.11%    passed     99.93%
  41  PCMP_H142                      2.05%    passed     99.94%
  42  PCMP_H143                      1.19%    passed     99.39%
  43  PCMP_H144                      0.62%    passed     99.96%
  44  PCMP_H145                      3.27%    passed     97.73%
  45  PCMP_H146                      0.63%    passed     99.64%
  46  PCMP_H147                      1.35%    passed     98.84%
  47  PCMP_H148                      2.36%    passed     99.43%
  48  PCMP_H149                      2.33%    passed     99.88%
  49  PCMP_H14                       2.34%    passed     98.88%
  50  PCMP_H150                      2.34%    passed     99.47%
  51  PCMP_H151                      2.26%    passed     99.48%
  52  PCMP_H152                      2.52%    passed     99.86%
  53  PCMP_H153                      2.51%    passed     99.93%
  54  PCMP_H154                      0.37%    passed     99.85%
  55  PCMP_H155                      2.14%    passed     99.41%
  56  PCMP_H156                      0.20%    passed     99.44%
  57  PCMP_H157                      2.35%    passed     99.76%
  58  PCMP_H158                      2.35%    passed     99.93%
  59  PCMP_H159                      3.25%    passed     94.19%
  60  PCMP_H15                       2.26%    passed     99.98%
  61  PCMP_H160                      0.36%    passed     99.98%
  62  PCMP_H161                      2.13%    passed     99.62%
  63  PCMP_H162                      2.35%    passed     99.55%
  64  PCMP_H163                      0.61%    passed     99.64%
  65  PCMP_H165                      0.32%    passed     99.94%
  66  PCMP_H166                      2.36%    passed     99.91%
  67  PCMP_H167                      3.47%    passed     99.48%
  68  PCMP_H168                      2.13%    passed     99.76%
  69  PCMP_H169                      0.28%    passed     99.86%
  70  PCMP_H16                       0.32%    passed     99.97%
  71  PCMP_H170                      2.36%    passed     99.78%
  72  PCMP_H171                      1.57%    passed     99.39%
  73  PCMP_H172                      2.36%    passed     99.75%
  74  PCMP_H173                      2.41%    passed     99.89%
  75  PCMP_H174                      2.34%    passed     99.93%
  76  PCMP_H175                      0.68%    passed     99.31%
  77  PCMP_H176                      0.21%    passed     99.79%
  78  PCMP_H177                      0.20%    passed     99.81%
  79  PCMP_H178                      0.15%    passed     99.92%
  80  PCMP_H179                      0.05%    passed     99.68%
  81  PCMP_H17                       0.20%    passed    100.00%
  82  PCMP_H181                      2.34%    passed     99.54%
  83  PCMP_H182                      0.33%    passed     99.92%
  84  PCMP_H183                      0.31%    passed     99.99%
  85  PCMP_H184                      0.58%    passed     99.57%
  86  PCMP_H186                      0.39%    passed     99.78%
  87  PCMP_H187                      2.55%    passed     99.29%
  88  PCMP_H18                       2.31%    passed     99.77%
  89  PCMP_H191                      2.36%    passed     99.94%
  90  PCMP_H192                      0.19%    passed     99.96%
  91  PCMP_H193                      2.35%    passed     99.82%
  92  PCMP_H194                      0.17%    passed     99.95%
  93  PCMP_H195                      2.16%    passed     99.52%
  94  PCMP_H196                      2.37%    passed     99.72%
  95  PCMP_H197                      0.38%    passed     99.59%
  96  PCMP_H198                      0.20%    passed     99.94%
  97  PCMP_H199                      0.40%    passed     99.94%
  98  PCMP_H19                       3.45%    passed     99.41%
  99  PCMP_H1                        0.34%    passed     99.82%
 100  PCMP_H200                      0.15%    passed     99.96%
 101  PCMP_H201                      2.37%    passed     99.80%
 102  PCMP_H202                      0.19%    passed     99.86%
 103  PCMP_H204                      0.14%    passed     99.74%
 104  PCMP_H205                      0.61%    passed     99.81%
 105  PCMP_H206                      0.15%    passed     99.86%
 106  PCMP_H207                      2.52%    passed     99.82%
 107  PCMP_H208                      2.36%    passed     99.93%
 108  PCMP_H209                      0.19%    passed     99.96%
 109  PCMP_H210                      1.80%    passed     97.55%
 110  PCMP_H211                      1.93%    passed     98.97%
 111  PCMP_H212                      2.32%    passed     99.38%
 112  PCMP_H213                      0.22%    passed     99.99%
 113  PCMP_H214                      0.21%    passed     99.83%
 114  PCMP_H215                      2.33%    passed     99.75%
 115  PCMP_H216                      0.41%    passed     99.66%
 116  PCMP_H218                      0.62%    passed     99.75%
 117  PCMP_H219                      0.19%    passed     99.89%
 118  PCMP_H21                       2.15%    passed     99.91%
 119  PCMP_H220                      2.35%    passed     99.42%
 120  PCMP_H221                      0.39%    passed     99.81%
 121  PCMP_H222                      0.62%    passed     99.43%
 122  PCMP_H223                      2.55%    passed     99.95%
 123  PCMP_H224                      2.35%    passed     99.30%
 124  PCMP_H225                      2.36%    passed     99.79%
 125  PCMP_H226                      0.19%    passed     99.95%
 126  PCMP_H227                      0.20%    passed    100.00%
 127  PCMP_H229                      0.62%    passed     99.79%
 128  PCMP_H22                       0.25%    passed    100.00%
 129  PCMP_H230                      2.15%    passed     99.17%
 130  PCMP_H231                      2.35%    passed     99.84%
 131  PCMP_H232                      2.15%    passed     99.56%
 132  PCMP_H233                      0.19%    passed     99.95%
 133  PCMP_H234                      1.28%    passed     98.53%
 134  PCMP_H235                      0.14%    passed    100.00%
 135  PCMP_H236                      0.63%    passed     99.81%
 136  PCMP_H237                      0.14%    passed     99.97%
 137  PCMP_H238                      0.63%    passed     99.84%
 138  PCMP_H239                      0.16%    passed     99.95%
 139  PCMP_H23                       2.36%    passed     99.70%
 140  PCMP_H240                      0.46%    passed     99.76%
 141  PCMP_H241                      0.60%    passed     99.92%
 142  PCMP_H242                      2.14%    passed     99.86%
 143  PCMP_H243                      2.68%    failed      1.24%
 144  PCMP_H246                      2.15%    passed     99.88%
 145  PCMP_H247                      0.17%    passed     99.97%
 146  PCMP_H249                      3.49%    passed     97.83%
 147  PCMP_H250                      2.44%    passed     99.77%
 148  PCMP_H251                      0.14%    passed     99.98%
 149  PCMP_H252                      0.63%    passed     99.32%
 150  PCMP_H253                      2.36%    passed     99.79%
 151  PCMP_H254                      2.36%    passed     99.73%
 152  PCMP_H255                      2.36%    passed     99.63%
 153  PCMP_H256                      0.63%    passed     99.57%
 154  PCMP_H257                      0.38%    passed     99.83%
 155  PCMP_H258                      1.82%    passed     99.52%
 156  PCMP_H259                      0.28%    passed     99.92%
 157  PCMP_H261                      2.37%    passed     99.88%
 158  PCMP_H262                      1.51%    passed     98.97%
 159  PCMP_H264                      0.26%    passed     99.99%
 160  PCMP_H265                      0.39%    passed     99.81%
 161  PCMP_H266                      0.66%    passed     99.64%
 162  PCMP_H267                      0.05%    passed     99.68%
 163  PCMP_H268                      0.06%    passed     99.73%
 164  PCMP_H269                      2.45%    passed     99.35%
 165  PCMP_H26                       0.78%    passed     99.52%
 166  PCMP_H270                      2.14%    passed     99.29%
 167  PCMP_H271                      2.15%    passed     98.97%
 168  PCMP_H272                      0.38%    passed     99.75%
 169  PCMP_H273                      3.26%    passed     96.13%
 170  PCMP_H274                      0.65%    passed     98.53%
 171  PCMP_H275                      0.25%    passed     99.98%
 172  PCMP_H276                      2.35%    passed     99.92%
 173  PCMP_H277                      0.21%    passed     99.82%
 174  PCMP_H278                      0.25%    passed     99.97%
 175  PCMP_H27                       0.23%    passed     99.99%
 176  PCMP_H280                      0.38%    passed     99.69%
 177  PCMP_H281                      2.12%    passed     99.89%
 178  PCMP_H282                      3.57%    passed     98.11%
 179  PCMP_H283                      0.12%    passed     99.97%
 180  PCMP_H284                      0.06%    passed     99.93%
 181  PCMP_H285                      2.32%    passed     99.61%
 182  PCMP_H286                      0.22%    passed     99.99%
 183  PCMP_H287                      2.52%    passed     99.86%
 184  PCMP_H288                      0.05%    passed     99.69%
 185  PCMP_H289                      0.60%    passed     99.66%
 186  PCMP_H290                      0.19%    passed     99.96%
 187  PCMP_H291                      2.41%    passed     99.86%
 188  PCMP_H292                      2.35%    passed     99.77%
 189  PCMP_H293                      3.53%    passed     98.73%
 190  PCMP_H294                      0.06%    passed     99.71%
 191  PCMP_H295                      0.34%    passed     99.89%
 192  PCMP_H296                      2.67%    passed     96.42%
 193  PCMP_H297                      2.46%    passed     99.68%
 194  PCMP_H299                      0.88%    passed     99.71%
 195  PCMP_H2                        1.43%    passed     97.85%
 196  PCMP_H300                      0.22%    passed     99.92%
 197  PCMP_H301                      2.36%    passed     99.70%
 198  PCMP_H302                      0.05%    passed     99.70%
 199  PCMP_H303                      2.33%    passed     99.74%
 200  PCMP_H305                      2.33%    passed     99.48%
 201  PCMP_H306                      0.36%    passed     99.78%
 202  PCMP_H307                      2.38%    passed     99.75%
 203  PCMP_H308                      3.56%    passed     98.18%
 204  PCMP_H309                      0.15%    passed     99.89%
 205  PCMP_H30                       2.41%    passed     99.64%
 206  PCMP_H311                      0.15%    passed     99.87%
 207  PCMP_H312                      0.14%    passed     99.86%
 208  PCMP_H313                      2.38%    passed     99.58%
 209  PCMP_H314                      1.83%    passed     99.58%
 210  PCMP_H315                      0.39%    passed     99.85%
 211  PCMP_H316                      1.72%    passed     98.93%
 212  PCMP_H317                      3.29%    passed     95.70%
 213  PCMP_H318                      3.58%    passed     98.65%
 214  PCMP_H319                      0.40%    passed     99.75%
 215  PCMP_H31                       0.17%    passed     99.90%
 216  PCMP_H320                      2.37%    passed     99.76%
 217  PCMP_H322                      0.20%    passed    100.00%
 218  PCMP_H323                      2.41%    passed     99.46%
 219  PCMP_H325                      0.31%    passed     83.14%
 220  PCMP_H326                      0.53%    passed     99.88%
 221  PCMP_H327                      0.93%    passed     99.88%
 222  PCMP_H328                      0.23%    passed     99.84%
 223  PCMP_H329                      0.05%    passed     99.65%
 224  PCMP_H32                       2.36%    passed     99.74%
 225  PCMP_H330                      0.66%    passed     99.79%
 226  PCMP_H331                      0.28%    passed    100.00%
 227  PCMP_H332                      0.05%    passed     99.71%
 228  PCMP_H335                      2.36%    passed     99.65%
 229  PCMP_H337                      1.78%    passed     98.44%
 230  PCMP_H338                      0.06%    passed     99.91%
 231  PCMP_H339                      0.22%    passed     99.94%
 232  PCMP_H33                       0.25%    passed     99.99%
 233  PCMP_H340                      0.37%    passed     99.63%
 234  PCMP_H342                      3.82%    passed     98.37%
 235  PCMP_H343                      0.15%    passed     99.93%
 236  PCMP_H345                      2.35%    passed     99.77%
 237  PCMP_H346                      0.44%    passed     99.94%
 238  PCMP_H347                      0.27%    passed     99.76%
 239  PCMP_H348                      0.79%    passed     99.45%
 240  PCMP_H349                      3.07%    passed     99.45%
 241  PCMP_H34                       0.48%    passed     99.25%
 242  PCMP_H350                      2.34%    passed     99.87%
 243  PCMP_H351                      0.05%    passed     99.67%
 244  PCMP_H353                      2.15%    passed     99.61%
 245  PCMP_H354                      0.82%    passed     99.96%
 246  PCMP_H355                      0.17%    passed     99.89%
 247  PCMP_H356                      0.47%    passed     99.17%
 248  PCMP_H357                      0.66%    passed     99.80%
 249  PCMP_H359                      2.35%    passed     99.82%
 250  PCMP_H35                       0.05%    passed     99.73%
 251  PCMP_H360                      2.34%    passed     99.63%
 252  PCMP_H361                      1.24%    passed     99.55%
 253  PCMP_H362                      0.60%    passed     99.65%
 254  PCMP_H365                      2.21%    passed     99.97%
 255  PCMP_H367                      2.01%    passed     99.79%
 256  PCMP_H36                       1.13%    passed     98.77%
 257  PCMP_H370                      0.62%    passed     99.76%
 258  PCMP_H371                      0.05%    passed     99.69%
 259  PCMP_H372                      2.36%    passed     99.75%
 260  PCMP_H373                      0.26%    passed     99.94%
 261  PCMP_H374                      0.23%    passed     99.99%
 262  PCMP_H375                      0.73%    passed     99.84%
 263  PCMP_H376                      2.14%    passed     99.95%
 264  PCMP_H377                      2.37%    passed     99.65%
 265  PCMP_H378                      0.54%    passed     99.88%
 266  PCMP_H379                      0.19%    passed     99.93%
 267  PCMP_H37                       3.43%    passed     98.06%
 268  PCMP_H380                      0.25%    passed     99.95%
 269  PCMP_H381                      0.23%    passed     99.90%
 270  PCMP_H382                      0.25%    passed     99.99%
 271  PCMP_H383                      1.49%    passed     99.02%
 272  PCMP_H384                      2.44%    passed     99.90%
 273  PCMP_H385                      0.22%    passed     99.97%
 274  PCMP_H386                      2.37%    passed     99.50%
 275  PCMP_H387                      0.22%    passed     99.99%
 276  PCMP_H388                      1.31%    passed     96.34%
 277  PCMP_H389                      0.47%    passed     99.79%
 278  PCMP_H38                       0.63%    passed     99.60%
 279  PCMP_H390                      2.34%    passed     99.72%
 280  PCMP_H391                      2.41%    passed     99.47%
 281  PCMP_H392                      2.13%    passed     99.95%
 282  PCMP_H393                      0.20%    passed     99.76%
 283  PCMP_H394                      0.73%    passed     99.41%
 284  PCMP_H395                      0.27%    passed     99.98%
 285  PCMP_H396                      2.34%    passed     99.68%
 286  PCMP_H397                      0.05%    passed     99.71%
 287  PCMP_H398                      0.59%    passed     99.49%
 288  PCMP_H399                      1.66%    passed     99.32%
 289  PCMP_H39                       0.25%    passed     99.99%
 290  PCMP_H3                        0.11%    passed     99.96%
 291  PCMP_H400                      1.88%    passed     99.54%
 292  PCMP_H401                      2.36%    passed     99.75%
 293  PCMP_H402                      0.23%    passed     99.95%
 294  PCMP_H404                      0.28%    passed     99.99%
 295  PCMP_H405                      1.42%    passed     99.90%
 296  PCMP_H406                      0.21%    passed     99.96%
 297  PCMP_H407                      3.47%    passed     98.58%
 298  PCMP_H408                      2.35%    passed     99.60%
 299  PCMP_H409                      0.14%    passed     99.87%
 300  PCMP_H40                       1.59%    passed     99.31%
 301  PCMP_H410                      0.93%    passed     99.78%
 302  PCMP_H411                      0.34%    passed     81.48%
 303  PCMP_H412                      2.31%    passed     99.90%
 304  PCMP_H413                      2.35%    passed     99.82%
 305  PCMP_H414                      2.52%    passed     99.93%
 306  PCMP_H415                      2.35%    passed     99.51%
 307  PCMP_H416                      3.60%    passed     98.96%
 308  PCMP_H417                      0.25%    passed     99.96%
 309  PCMP_H418                      0.24%    passed     99.96%
 310  PCMP_H41                       0.28%    passed     99.74%
 311  PCMP_H420                      0.49%    passed     99.59%
 312  PCMP_H421                      0.44%    passed     99.82%
 313  PCMP_H422                      0.53%    passed     98.87%
 314  PCMP_H423                      1.86%    passed     99.51%
 315  PCMP_H424                      0.71%    passed     99.74%
 316  PCMP_H425                      0.78%    passed     99.42%
 317  PCMP_H426                      2.36%    passed     99.57%
 318  PCMP_H427                      0.20%    passed     99.99%
 319  PCMP_H428                      2.36%    passed     99.83%
 320  PCMP_H429                      2.34%    passed     99.81%
 321  PCMP_H42                       0.28%    passed     99.78%
 322  PCMP_H430                      2.53%    passed     99.68%
 323  PCMP_H431                      0.65%    passed     99.45%
 324  PCMP_H432                      0.66%    passed     99.65%
 325  PCMP_H433                      1.43%    passed     99.92%
 326  PCMP_H434                      0.48%    passed     99.51%
 327  PCMP_H436                      0.46%    passed     98.80%
 328  PCMP_H437                      0.14%    passed     99.94%
 329  PCMP_H438                      0.06%    passed     99.97%
 330  PCMP_H439                      0.39%    passed     99.98%
 331  PCMP_H43                       1.86%    passed     98.91%
 332  PCMP_H440                      1.16%    passed     99.96%
 333  PCMP_H441                      0.45%    passed     99.67%
 334  PCMP_H442                      2.15%    passed     99.59%
 335  PCMP_H443                      0.70%    passed     99.60%
 336  PCMP_H444                      2.39%    passed     99.74%
 337  PCMP_H445                      0.24%    passed     99.96%
 338  PCMP_H446                      2.31%    passed     99.81%
 339  PCMP_H447                      2.33%    passed     99.32%
 340  PCMP_H448                      1.65%    passed     99.39%
 341  PCMP_H44                       3.26%    passed     98.12%
 342  PCMP_H450                      2.43%    passed     95.26%
 343  PCMP_H453                      1.21%    passed     99.38%
 344  PCMP_H454                      0.45%    passed     99.55%
 345  PCMP_H455                      0.37%    passed     99.81%
 346  PCMP_H456                      0.39%    passed     99.76%
 347  PCMP_H457                      0.15%    passed     99.97%
 348  PCMP_H458                      0.22%    passed     99.95%
 349  PCMP_H459                      2.33%    passed     99.42%
 350  PCMP_H460                      0.19%    passed     99.90%
 351  PCMP_H461                      0.19%    passed     99.89%
 352  PCMP_H462                      2.36%    passed     99.34%
 353  PCMP_H464                      2.36%    passed     99.61%
 354  PCMP_H465                      0.45%    passed     99.60%
 355  PCMP_H466                      0.11%    passed     99.96%
 356  PCMP_H467                      2.33%    passed     99.90%
 357  PCMP_H468                      0.46%    passed     99.83%
 358  PCMP_H469                      2.36%    passed     99.85%
 359  PCMP_H46                       0.17%    passed     99.91%
 360  PCMP_H470                      0.15%    passed     99.71%
 361  PCMP_H471                      0.51%    passed     99.82%
 362  PCMP_H473                      2.24%    passed     99.81%
 363  PCMP_H474                      0.05%    passed     99.87%
 364  PCMP_H475                      0.64%    passed     99.66%
 365  PCMP_H477                      0.39%    passed     99.79%
 366  PCMP_H478                      0.22%    passed    100.00%
 367  PCMP_H479                      2.51%    passed     97.81%
 368  PCMP_H480                      0.09%    passed     99.99%
 369  PCMP_H481                      0.29%    passed     99.97%
 370  PCMP_H482                      0.26%    passed     99.98%
 371  PCMP_H48                       0.26%    passed     99.98%
 372  PCMP_H49                       0.26%    passed     99.91%
 373  PCMP_H4                        0.40%    passed     99.77%
 374  PCMP_H52                       2.29%    passed     99.94%
 375  PCMP_H54                       0.51%    passed     99.89%
 376  PCMP_H56                       2.09%    passed     99.61%
 377  PCMP_H59                       0.28%    passed     99.93%
 378  PCMP_H5                        1.82%    passed     99.86%
 379  PCMP_H60                       0.64%    passed     99.90%
 380  PCMP_H61                       0.20%    passed     99.98%
 381  PCMP_H65                       0.14%    passed     99.70%
 382  PCMP_H66                       0.12%    passed     99.94%
 383  PCMP_H68                       1.77%    passed     99.20%
 384  PCMP_H69                       2.36%    passed     99.82%
 385  PCMP_H70                       0.24%    passed     99.97%
 386  PCMP_H71                       1.44%    passed     99.73%
 387  PCMP_H72                       0.25%    passed    100.00%
 388  PCMP_H73                       3.57%    passed     97.91%
 389  PCMP_H74                       2.34%    passed     99.55%
 390  PCMP_H75                       0.20%    passed     99.85%
 391  PCMP_H76                       1.20%    passed     98.44%
 392  PCMP_H77                       1.75%    passed     99.41%
 393  PCMP_H78                       2.36%    passed     99.86%
 394  PCMP_H79                       0.31%    passed     99.96%
 395  PCMP_H7                        0.59%    passed     99.69%
 396  PCMP_H81                       2.56%    passed     99.07%
 397  PCMP_H82                       0.14%    passed     99.87%
 398  PCMP_H83                       0.05%    passed     99.62%
 399  PCMP_H84                       2.51%    passed     99.95%
 400  PCMP_H85                       0.45%    passed     99.67%
 401  PCMP_H86                       0.05%    passed     99.88%
 402  PCMP_H87                       2.40%    passed     99.75%
 403  PCMP_H88                       2.52%    passed     99.88%
 404  PCMP_H89                       0.21%    passed     99.99%
 405  PCMP_H8                        2.32%    passed     99.53%
 406  PCMP_H90                       0.05%    passed     99.95%
 407  PCMP_H91                       0.42%    passed     99.95%
 408  PCMP_H93                       2.13%    passed     99.79%
 409  PCMP_H94                       0.22%    passed     99.81%
 410  PCMP_H95                       2.40%    passed     99.47%
 411  PCMP_H96                       2.32%    passed     99.62%
 412  PCMP_H97                       3.56%    passed     97.89%
 413  PCMP_H98                       2.39%    passed     99.84%
 414  PCMP_H99                       0.25%    passed     99.82%
 415  PCMP_H9                        1.10%    passed     99.76%
****  TOTAL                          1.22%  1 sequences failed composition chi2 test (p-value<5%; df=3)
NOTE: PCMP_H387 is identical to PCMP_H213 but kept for subsequent analysis


Create initial parsimony tree by phylogenetic likelihood library (PLL)... 1.366 seconds
Perform fast likelihood tree search using GTR+ASC+G model...
Estimate model parameters (epsilon = 5.000)
Perform nearest neighbor interchange...
Estimate model parameters (epsilon = 1.000)
1. Initial log-likelihood: -99797.705
2. Current log-likelihood: -99796.617
Optimal log-likelihood: -99796.383
Rate parameters:  A-C: 0.97863  A-G: 3.90399  A-T: 0.80465  C-G: 0.63269  C-T: 3.93331  G-T: 1.00000
Base frequencies:  A: 0.228  C: 0.272  G: 0.277  T: 0.223
Gamma shape alpha: 27.772
Parameters optimization took 2 rounds (0.958 sec)
Time for fast ML tree search: 8.616 seconds

NOTE: ModelFinder requires 243 MB RAM!
ModelFinder will test up to 16 DNA models (sample size: 26473) ...
 No. Model         -LnL         df  AIC          AICc         BIC
  1  JC            117970.936   827 237595.872   237649.275   244363.941
  2  JC+ASC        106897.063   827 215448.126   215501.529   222216.196
  3  JC+G4         117970.919   828 237597.839   237651.373   244374.092
  4  JC+ASC+G4     106894.787   828 215445.575   215499.108   222221.828
  5  K2P           115288.856   828 232233.711   232287.245   239009.964
  6  K2P+ASC       99926.258    828 201508.516   201562.050   208284.769
  8  K2P+ASC+G4    99924.483    829 201506.966   201560.632   208291.403
  9  HKY+F         115311.762   831 232285.525   232339.453   239086.329
 10  HKY+F+ASC     99928.543    831 201519.086   201573.014   208319.891
 12  HKY+F+ASC+G4  99927.382    832 201518.765   201572.825   208327.753
 13  GTR+F         115058.079   835 231786.158   231840.615   238619.698
 14  GTR+F+ASC     99802.052    835 201274.103   201328.561   208107.644
 16  GTR+F+ASC+G4  99800.820    836 201273.641   201328.230   208115.365
Akaike Information Criterion:           GTR+F+ASC+G4
Corrected Akaike Information Criterion: GTR+F+ASC+G4
Bayesian Information Criterion:         GTR+F+ASC
Best-fit model: GTR+F+ASC chosen according to BIC

All model information printed to 2025_02_23_21_11_49_KPNIH1_genome_aln_w_alt_allele_unmapped.model.gz
CPU time for ModelFinder: 514.328 seconds (0h:8m:34s)
Wall-clock time for ModelFinder: 31.131 seconds (0h:0m:31s)

NOTE: 60 MB RAM (0 GB) is required!
Estimate model parameters (epsilon = 0.010)
1. Initial log-likelihood: -99802.052
Optimal log-likelihood: -99802.051
Rate parameters:  A-C: 0.98051  A-G: 3.91089  A-T: 0.80680  C-G: 0.63567  C-T: 3.93884  G-T: 1.00000
Base frequencies:  A: 0.228  C: 0.272  G: 0.277  T: 0.223
Parameters optimization took 1 rounds (0.144 sec)
Wrote distance file to... 
BEST SCORE FOUND : -99802.051
Total tree length: 0.087

Total number of iterations: 0
CPU time used for tree search: 0.000 sec (0h:0m:0s)
Wall-clock time used for tree search: 0.000 sec (0h:0m:0s)
Total CPU time used: 517.218 sec (0h:8m:37s)
Total wall-clock time used: 31.304 sec (0h:0m:31s)

Analysis results written to: 
  IQ-TREE report:                2025_02_23_21_11_49_KPNIH1_genome_aln_w_alt_allele_unmapped.iqtree
  Tree used for ModelFinder:     2025_02_23_21_11_49_KPNIH1_genome_aln_w_alt_allele_unmapped.treefile
  Screen log file:               2025_02_23_21_11_49_KPNIH1_genome_aln_w_alt_allele_unmapped.log

Date and Time: Sun Feb 23 23:22:18 2025

RAxML can't, parse the alignment file as phylip file 
it will now try to parse it as FASTA file



IMPORTANT WARNING: Sequences PCMP_H213 and PCMP_H387 are exactly identical

IMPORTANT WARNING
Found 1 sequence that is exactly identical to other sequences in the alignment.
Normally they should be excluded from the analysis.

Just in case you might need it, an alignment file with 
sequence duplicates removed is printed to file /gpfs/accounts/esnitkin_root/esnitkin1/kgontjes/Project_Penn_KPC/Sequencing_data/variant_calling/2025-02-17_snpkit_Penn_KPC_ST258/output_files/2025_02_23_21_11_49_core_results/phylokit/results/gubbins/2025_02_23_21_11_49_KPNIH1_genome_aln_w_alt_allele_unmapped.iteration_1.tre.snp_sites.aln.reduced


Using BFGS method to optimize GTR rate parameters, to disable this specify "--no-bfgs" 


This is the RAxML Master Pthread

This is RAxML Worker Pthread Number: 1

This is RAxML Worker Pthread Number: 2

This is RAxML Worker Pthread Number: 3

This is RAxML Worker Pthread Number: 4

This is RAxML Worker Pthread Number: 9

This is RAxML Worker Pthread Number: 10

This is RAxML Worker Pthread Number: 11

This is RAxML Worker Pthread Number: 12

This is RAxML Worker Pthread Number: 13

This is RAxML Worker Pthread Number: 14

This is RAxML Worker Pthread Number: 5

This is RAxML Worker Pthread Number: 15

This is RAxML Worker Pthread Number: 8

This is RAxML Worker Pthread Number: 6

This is RAxML Worker Pthread Number: 16

This is RAxML Worker Pthread Number: 17

This is RAxML Worker Pthread Number: 7


This is RAxML version 8.2.12 released by Alexandros Stamatakis on May 2018.

With greatly appreciated code contributions by:
Andre Aberer      (HITS)
Simon Berger      (HITS)
Alexey Kozlov     (HITS)
Kassian Kobert    (HITS)
David Dao         (KIT and HITS)
Sarah Lutteropp   (KIT and HITS)
Nick Pattengale   (Sandia)
Wayne Pfeiffer    (SDSC)
Akifumi S. Tanabe (NRIFS)
Charlie Taylor    (UF)


Alignment has 4516 distinct alignment patterns

Proportion of gaps and completely undetermined characters in this alignment: 1.22%

RAxML rapid hill-climbing mode

Using 1 distinct models/data partitions with joint branch length optimization


Executing 1 inferences on the original alignment using 1 user-specified trees

All free model parameters will be estimated by RAxML
GAMMA model of rate heterogeneity, ML estimate of alpha-parameter

GAMMA Model parameters will be estimated up to an accuracy of 0.1000000000 Log Likelihood units

Partition: 0
Alignment Patterns: 4516
Name: No Name Provided
DataType: DNA
Substitution Matrix: GTR




RAxML was called as follows:

raxmlHPC-PTHREADS-AVX2 -T 18 -safe -m GTRGAMMA -p 641 -f d -p 1 -s /gpfs/accounts/esnitkin_root/esnitkin1/kgontjes/Project_Penn_KPC/Sequencing_data/variant_calling/2025-02-17_snpkit_Penn_KPC_ST258/output_files/2025_02_23_21_11_49_core_results/phylokit/results/gubbins/2025_02_23_21_11_49_KPNIH1_genome_aln_w_alt_allele_unmapped.iteration_1.tre.snp_sites.aln -n 2025_02_23_21_11_49_KPNIH1_genome_aln_w_alt_allele_unmapped.iteration_2 -t /gpfs/accounts/esnitkin_root/esnitkin1/kgontjes/Project_Penn_KPC/Sequencing_data/variant_calling/2025-02-17_snpkit_Penn_KPC_ST258/output_files/2025_02_23_21_11_49_core_results/phylokit/results/gubbins/2025_02_23_21_11_49_KPNIH1_genome_aln_w_alt_allele_unmapped.iteration_1.tre 


Partition: 0 with name: No Name Provided
Base frequencies: 0.228 0.272 0.277 0.223 


WARNING the alpha parameter with a value of 17.622606 estimated by RAxML for partition number 0 with the name "No Name Provided"
is larger than 10.000000. You should do a model test and confirm that you actually need to incorporate a model of rate heterogeneity!
You can run inferences with a plain substitution model (without rate heterogeneity) by specifyng the CAT model and the "-V" option!


WARNING the alpha parameter with a value of 38.837813 estimated by RAxML for partition number 0 with the name "No Name Provided"
is larger than 10.000000. You should do a model test and confirm that you actually need to incorporate a model of rate heterogeneity!
You can run inferences with a plain substitution model (without rate heterogeneity) by specifyng the CAT model and the "-V" option!


WARNING the alpha parameter with a value of 87.609480 estimated by RAxML for partition number 0 with the name "No Name Provided"
is larger than 10.000000. You should do a model test and confirm that you actually need to incorporate a model of rate heterogeneity!
You can run inferences with a plain substitution model (without rate heterogeneity) by specifyng the CAT model and the "-V" option!


WARNING the alpha parameter with a value of 190.797134 estimated by RAxML for partition number 0 with the name "No Name Provided"
is larger than 10.000000. You should do a model test and confirm that you actually need to incorporate a model of rate heterogeneity!
You can run inferences with a plain substitution model (without rate heterogeneity) by specifyng the CAT model and the "-V" option!


WARNING the alpha parameter with a value of 428.999028 estimated by RAxML for partition number 0 with the name "No Name Provided"
is larger than 10.000000. You should do a model test and confirm that you actually need to incorporate a model of rate heterogeneity!
You can run inferences with a plain substitution model (without rate heterogeneity) by specifyng the CAT model and the "-V" option!


WARNING the alpha parameter with a value of 978.893294 estimated by RAxML for partition number 0 with the name "No Name Provided"
is larger than 10.000000. You should do a model test and confirm that you actually need to incorporate a model of rate heterogeneity!
You can run inferences with a plain substitution model (without rate heterogeneity) by specifyng the CAT model and the "-V" option!


WARNING the alpha parameter with a value of 1000.000000 estimated by RAxML for partition number 0 with the name "No Name Provided"
is larger than 10.000000. You should do a model test and confirm that you actually need to incorporate a model of rate heterogeneity!
You can run inferences with a plain substitution model (without rate heterogeneity) by specifyng the CAT model and the "-V" option!

Inference[0]: Time 112.710343 GAMMA-based likelihood -115033.864605, best rearrangement setting 25


Conducting final model optimizations on all 1 trees under GAMMA-based models ....


WARNING the alpha parameter with a value of 1000.000000 estimated by RAxML for partition number 0 with the name "No Name Provided"
is larger than 10.000000. You should do a model test and confirm that you actually need to incorporate a model of rate heterogeneity!
You can run inferences with a plain substitution model (without rate heterogeneity) by specifyng the CAT model and the "-V" option!

Inference[0] final GAMMA-based Likelihood: -115033.859641 tree written to file /gpfs/accounts/esnitkin_root/esnitkin1/kgontjes/Project_Penn_KPC/Sequencing_data/variant_calling/2025-02-17_snpkit_Penn_KPC_ST258/output_files/2025_02_23_21_11_49_core_results/phylokit/results/gubbins/tmpgd051joh/RAxML_result.2025_02_23_21_11_49_KPNIH1_genome_aln_w_alt_allele_unmapped.iteration_2


Starting final GAMMA-based thorough Optimization on tree 0 likelihood -115033.859641 .... 

Final GAMMA-based Score of best tree -115033.859616

Program execution info written to /gpfs/accounts/esnitkin_root/esnitkin1/kgontjes/Project_Penn_KPC/Sequencing_data/variant_calling/2025-02-17_snpkit_Penn_KPC_ST258/output_files/2025_02_23_21_11_49_core_results/phylokit/results/gubbins/tmpgd051joh/RAxML_info.2025_02_23_21_11_49_KPNIH1_genome_aln_w_alt_allele_unmapped.iteration_2
Best-scoring ML tree written to: /gpfs/accounts/esnitkin_root/esnitkin1/kgontjes/Project_Penn_KPC/Sequencing_data/variant_calling/2025-02-17_snpkit_Penn_KPC_ST258/output_files/2025_02_23_21_11_49_core_results/phylokit/results/gubbins/tmpgd051joh/RAxML_bestTree.2025_02_23_21_11_49_KPNIH1_genome_aln_w_alt_allele_unmapped.iteration_2

Overall execution time: 145.900695 secs or 0.040528 hours or 0.001689 days

/opt/conda/lib/python3.9/site-packages/dendropy/datamodel/treemodel/_tree.py:1509: UserWarning: Calculating MRCA on an unrooted tree implicitly implicitly treats seed node as root. Set tree.is_rooted = True to silence this warning.
  warnings.warn(
IQ-TREE multicore version 2.3.4 COVID-edition for Linux x86 64-bit built Jun 18 2024
Developed by Bui Quang Minh, James Barbetti, Nguyen Lam Tung, Olga Chernomor,
Heiko Schmidt, Dominik Schrempf, Michael Woodhams, Ly Trong Nhan, Thomas Wong

Host:    gl3060.arc-ts.umich.edu (AVX512, FMA3, 186 GB RAM)
Command: iqtree -nt 18 -safe -redo -m GTR+G4 -seed 9004 -s 2025_02_23_21_11_49_KPNIH1_genome_aln_w_alt_allele_unmapped.fa.snp_sites.aln -t /gpfs/accounts/esnitkin_root/esnitkin1/kgontjes/Project_Penn_KPC/Sequencing_data/variant_calling/2025-02-17_snpkit_Penn_KPC_ST258/output_files/2025_02_23_21_11_49_core_results/phylokit/results/gubbins/tmpgd051joh/2025_02_23_21_11_49_KPNIH1_genome_aln_w_alt_allele_unmapped.iteration_2.tre.rooted --prefix /gpfs/accounts/esnitkin_root/esnitkin1/kgontjes/Project_Penn_KPC/Sequencing_data/variant_calling/2025-02-17_snpkit_Penn_KPC_ST258/output_files/2025_02_23_21_11_49_core_results/phylokit/results/gubbins/tmpgd051joh/2025_02_23_21_11_49_KPNIH1_genome_aln_w_alt_allele_unmapped.iteration_2 -n 0 --mlrate -redo
Seed:    9004 (Using SPRNG - Scalable Parallel Random Number Generator)
Time:    Sun Feb 23 23:24:44 2025
Kernel:  Safe AVX+FMA - 18 threads (19 CPU cores detected)

Reading alignment file 2025_02_23_21_11_49_KPNIH1_genome_aln_w_alt_allele_unmapped.fa.snp_sites.aln ... Fasta format detected
Reading fasta file: done in 0.275266 secs using 79.6% CPU
Alignment most likely contains DNA/RNA sequences
Alignment has 415 sequences with 33421 columns, 5950 distinct patterns
4060 parsimony-informative, 29361 singleton sites, 0 constant sites
                             Gap/Ambiguity  Composition  p-value
Analyzing sequences: done in 0.00106624 secs using 1678% CPU
   1  gi|661922017|gb|CP008827.1|    0.00%    passed     98.23%
   2  PCMP_H100                      3.30%    passed     97.91%
   3  PCMP_H101                      0.43%    passed     99.90%
   4  PCMP_H103                      3.60%    passed     98.81%
   5  PCMP_H104                      2.27%    passed     93.97%
   6  PCMP_H105                      0.71%    passed     99.77%
   7  PCMP_H106                      0.72%    passed     99.05%
   8  PCMP_H107                      3.22%    passed     98.87%
   9  PCMP_H108                      0.58%    passed     99.79%
  10  PCMP_H109                      1.27%    passed     96.29%
  11  PCMP_H10                       0.68%    passed     98.73%
  12  PCMP_H110                      0.72%    passed     99.77%
  13  PCMP_H111                      3.21%    passed     96.99%
  14  PCMP_H112                      3.15%    passed     97.14%
  15  PCMP_H113                      0.82%    passed     98.87%
  16  PCMP_H115                      0.47%    passed     99.55%
  17  PCMP_H116                      2.81%    passed     97.67%
  18  PCMP_H117                      0.51%    passed     99.54%
  19  PCMP_H118                      2.68%    passed     99.66%
  20  PCMP_H119                      0.58%    passed     99.88%
  21  PCMP_H11                       0.67%    passed     99.39%
  22  PCMP_H120                      0.82%    passed     98.79%
  23  PCMP_H121                      0.58%    passed     99.81%
  24  PCMP_H122                      0.94%    passed     99.45%
  25  PCMP_H123                      2.11%    passed     96.91%
  26  PCMP_H124                      0.56%    passed     99.69%
  27  PCMP_H125                      3.05%    passed     93.23%
  28  PCMP_H12                       0.53%    passed     99.55%
  29  PCMP_H130                      3.76%    passed     91.20%
  30  PCMP_H131                      0.89%    passed     97.88%
  31  PCMP_H132                      0.48%    passed     99.88%
  32  PCMP_H133                      2.30%    passed     94.77%
  33  PCMP_H134                      1.07%    passed     96.70%
  34  PCMP_H135                      0.73%    passed     98.27%
  35  PCMP_H136                      0.57%    passed     99.34%
  36  PCMP_H137                      3.35%    passed     98.34%
  37  PCMP_H138                      2.15%    passed     97.50%
  38  PCMP_H13                       0.88%    passed     97.72%
  39  PCMP_H140                      2.38%    passed     96.81%
  40  PCMP_H141                      2.10%    passed     96.28%
  41  PCMP_H142                      2.18%    passed     96.29%
  42  PCMP_H143                      2.47%    passed     96.30%
  43  PCMP_H144                      1.26%    passed     99.97%
  44  PCMP_H145                      1.05%    passed     95.82%
  45  PCMP_H146                      1.10%    passed     99.17%
  46  PCMP_H147                      2.68%    passed     96.02%
  47  PCMP_H148                      3.26%    passed     97.16%
  48  PCMP_H149                      3.28%    passed     98.02%
  49  PCMP_H14                       2.98%    passed    100.00%
  50  PCMP_H150                      3.16%    passed     97.00%
  51  PCMP_H151                      2.83%    passed     99.90%
  52  PCMP_H152                      2.99%    passed     98.74%
  53  PCMP_H153                      2.90%    passed     98.66%
  54  PCMP_H154                      0.75%    passed     98.12%
  55  PCMP_H155                      2.29%    passed     96.10%
  56  PCMP_H156                      0.43%    passed     99.55%
  57  PCMP_H157                      3.11%    passed     96.61%
  58  PCMP_H158                      3.12%    passed     98.08%
  59  PCMP_H159                      1.04%    passed     97.10%
  60  PCMP_H15                       2.20%    passed     96.39%
  61  PCMP_H160                      0.91%    passed     98.85%
  62  PCMP_H161                      2.21%    passed     94.42%
  63  PCMP_H162                      3.28%    passed     97.61%
  64  PCMP_H163                      0.95%    passed     98.41%
  65  PCMP_H165                      0.56%    passed     99.99%
  66  PCMP_H166                      3.14%    passed     97.81%
  67  PCMP_H167                      3.23%    passed     99.46%
  68  PCMP_H168                      2.29%    passed     99.16%
  69  PCMP_H169                      0.60%    passed     99.87%
  70  PCMP_H16                       0.67%    passed     99.55%
  71  PCMP_H170                      3.17%    passed     96.20%
  72  PCMP_H171                      2.77%    passed     94.99%
  73  PCMP_H172                      3.28%    passed     98.30%
  74  PCMP_H173                      3.20%    passed     98.01%
  75  PCMP_H174                      3.17%    passed     98.05%
  76  PCMP_H175                      1.20%    passed     99.29%
  77  PCMP_H176                      0.74%    passed     98.86%
  78  PCMP_H177                      0.43%    passed     99.69%
  79  PCMP_H178                      0.71%    passed     99.63%
  80  PCMP_H179                      0.37%    passed     99.31%
  81  PCMP_H17                       0.55%    passed     99.92%
  82  PCMP_H181                      3.25%    passed     97.92%
  83  PCMP_H182                      0.60%    passed     99.60%
  84  PCMP_H183                      0.39%    passed     99.98%
  85  PCMP_H184                      1.02%    passed     98.63%
  86  PCMP_H186                      0.77%    passed     98.82%
  87  PCMP_H187                      3.38%    passed     94.66%
  88  PCMP_H18                       2.62%    passed     98.02%
  89  PCMP_H191                      3.36%    passed     98.93%
  90  PCMP_H192                      0.52%    passed     99.86%
  91  PCMP_H193                      3.20%    passed     98.22%
  92  PCMP_H194                      0.34%    passed     99.94%
  93  PCMP_H195                      2.17%    passed     95.45%
  94  PCMP_H196                      3.17%    passed     98.22%
  95  PCMP_H197                      0.72%    passed     99.47%
  96  PCMP_H198                      0.36%    passed     99.90%
  97  PCMP_H199                      0.84%    passed     99.73%
  98  PCMP_H19                       3.48%    passed     99.66%
  99  PCMP_H1                        0.56%    passed     99.81%
 100  PCMP_H200                      0.69%    passed     99.79%
 101  PCMP_H201                      3.23%    passed     98.79%
 102  PCMP_H202                      0.94%    passed     99.30%
 103  PCMP_H204                      0.58%    passed     99.05%
 104  PCMP_H205                      1.91%    passed     96.15%
 105  PCMP_H206                      0.31%    passed     99.85%
 106  PCMP_H207                      2.74%    passed     97.88%
 107  PCMP_H208                      3.13%    passed     97.62%
 108  PCMP_H209                      0.57%    passed     99.26%
 109  PCMP_H210                      2.20%    passed     98.98%
 110  PCMP_H211                      3.39%    passed     97.99%
 111  PCMP_H212                      2.94%    passed     99.91%
 112  PCMP_H213                      0.53%    passed     99.97%
 113  PCMP_H214                      0.79%    passed     99.05%
 114  PCMP_H215                      3.26%    passed     97.10%
 115  PCMP_H216                      0.83%    passed     99.54%
 116  PCMP_H218                      1.73%    passed     95.86%
 117  PCMP_H219                      0.37%    passed     99.93%
 118  PCMP_H21                       2.28%    passed     98.88%
 119  PCMP_H220                      3.25%    passed     97.44%
 120  PCMP_H221                      0.86%    passed     99.09%
 121  PCMP_H222                      1.15%    passed     98.58%
 122  PCMP_H223                      2.80%    passed     98.28%
 123  PCMP_H224                      3.11%    passed     97.31%
 124  PCMP_H225                      3.29%    passed     98.54%
 125  PCMP_H226                      0.38%    passed     99.93%
 126  PCMP_H227                      0.42%    passed     99.87%
 127  PCMP_H229                      1.92%    passed     96.14%
 128  PCMP_H22                       0.58%    passed     99.77%
 129  PCMP_H230                      2.33%    passed     95.87%
 130  PCMP_H231                      3.25%    passed     98.66%
 131  PCMP_H232                      2.23%    passed     95.76%
 132  PCMP_H233                      0.43%    passed     99.91%
 133  PCMP_H234                      2.65%    passed     95.83%
 134  PCMP_H235                      0.61%    passed     99.76%
 135  PCMP_H236                      1.80%    passed     96.95%
 136  PCMP_H237                      0.69%    passed     99.87%
 137  PCMP_H238                      1.86%    passed     96.01%
 138  PCMP_H239                      0.38%    passed     99.94%
 139  PCMP_H23                       3.10%    passed     96.81%
 140  PCMP_H240                      0.64%    passed     99.80%
 141  PCMP_H241                      1.25%    passed     99.95%
 142  PCMP_H242                      2.42%    passed     96.22%
 143  PCMP_H243                      3.48%    failed      0.04%
 144  PCMP_H246                      2.30%    passed     98.41%
 145  PCMP_H247                      0.41%    passed     99.93%
 146  PCMP_H249                      4.92%    passed     95.38%
 147  PCMP_H250                      2.82%    passed     99.33%
 148  PCMP_H251                      0.34%    passed     99.99%
 149  PCMP_H252                      1.10%    passed     98.59%
 150  PCMP_H253                      3.20%    passed     97.93%
 151  PCMP_H254                      3.28%    passed     97.07%
 152  PCMP_H255                      3.43%    passed     98.64%
 153  PCMP_H256                      1.13%    passed     98.18%
 154  PCMP_H257                      0.75%    passed     98.76%
 155  PCMP_H258                      3.01%    passed     95.70%
 156  PCMP_H259                      0.47%    passed     99.98%
 157  PCMP_H261                      3.35%    passed     98.74%
 158  PCMP_H262                      3.01%    passed     89.64%
 159  PCMP_H264                      0.57%    passed     99.91%
 160  PCMP_H265                      0.81%    passed     98.96%
 161  PCMP_H266                      1.07%    passed     98.99%
 162  PCMP_H267                      0.50%    passed     99.11%
 163  PCMP_H268                      0.47%    passed     99.10%
 164  PCMP_H269                      3.46%    passed     98.25%
 165  PCMP_H26                       1.20%    passed     96.07%
 166  PCMP_H270                      2.31%    passed     95.66%
 167  PCMP_H271                      2.28%    passed     95.09%
 168  PCMP_H272                      0.79%    passed     99.63%
 169  PCMP_H273                      1.09%    passed     95.49%
 170  PCMP_H274                      1.12%    passed     96.57%
 171  PCMP_H275                      0.58%    passed     99.82%
 172  PCMP_H276                      3.42%    passed     98.24%
 173  PCMP_H277                      0.72%    passed     99.11%
 174  PCMP_H278                      0.59%    passed     99.46%
 175  PCMP_H27                       0.57%    passed     99.81%
 176  PCMP_H280                      0.74%    passed     99.40%
 177  PCMP_H281                      2.13%    passed     96.47%
 178  PCMP_H282                      4.44%    passed     99.45%
 179  PCMP_H283                      0.64%    passed     99.19%
 180  PCMP_H284                      0.48%    passed     99.76%
 181  PCMP_H285                      3.00%    passed     95.15%
 182  PCMP_H286                      0.56%    passed     99.97%
 183  PCMP_H287                      2.71%    passed     96.45%
 184  PCMP_H288                      0.40%    passed     99.16%
 185  PCMP_H289                      1.07%    passed     98.16%
 186  PCMP_H290                      0.57%    passed     99.31%
 187  PCMP_H291                      3.29%    passed     97.96%
 188  PCMP_H292                      3.16%    passed     97.97%
 189  PCMP_H293                      4.20%    passed     99.17%
 190  PCMP_H294                      0.48%    passed     99.15%
 191  PCMP_H295                      0.59%    passed     99.89%
 192  PCMP_H296                      3.99%    passed     94.97%
 193  PCMP_H297                      2.66%    passed     95.79%
 194  PCMP_H299                      2.20%    passed     97.23%
 195  PCMP_H2                        3.05%    passed     99.76%
 196  PCMP_H300                      0.41%    passed     99.81%
 197  PCMP_H301                      3.17%    passed     98.19%
 198  PCMP_H302                      0.38%    passed     99.30%
 199  PCMP_H303                      3.06%    passed     96.20%
 200  PCMP_H305                      3.28%    passed     98.32%
 201  PCMP_H306                      0.89%    passed     97.38%
 202  PCMP_H307                      3.25%    passed     97.44%
 203  PCMP_H308                      4.46%    passed     99.78%
 204  PCMP_H309                      0.67%    passed     99.65%
 205  PCMP_H30                       3.01%    passed     97.04%
 206  PCMP_H311                      0.46%    passed     99.78%
 207  PCMP_H312                      0.45%    passed     99.72%
 208  PCMP_H313                      3.17%    passed     95.58%
 209  PCMP_H314                      3.12%    passed     98.58%
 210  PCMP_H315                      0.77%    passed     98.73%
 211  PCMP_H316                      2.25%    passed     94.47%
 212  PCMP_H317                      1.05%    passed     95.68%
 213  PCMP_H318                      4.91%    passed     96.04%
 214  PCMP_H319                      0.72%    passed     99.55%
 215  PCMP_H31                       0.56%    passed     99.66%
 216  PCMP_H320                      3.07%    passed     98.12%
 217  PCMP_H322                      0.37%    passed     99.87%
 218  PCMP_H323                      3.17%    passed     96.21%
 219  PCMP_H325                      0.71%    passed     86.75%
 220  PCMP_H326                      1.61%    passed     99.71%
 221  PCMP_H327                      2.25%    passed     97.88%
 222  PCMP_H328                      0.56%    passed     99.54%
 223  PCMP_H329                      0.49%    passed     99.00%
 224  PCMP_H32                       3.20%    passed     96.81%
 225  PCMP_H330                      1.10%    passed     99.32%
 226  PCMP_H331                      0.56%    passed     99.91%
 227  PCMP_H332                      0.48%    passed     99.04%
 228  PCMP_H335                      3.19%    passed     97.50%
 229  PCMP_H337                      3.53%    passed     98.93%
 230  PCMP_H338                      0.50%    passed     99.36%
 231  PCMP_H339                      0.52%    passed     99.75%
 232  PCMP_H33                       0.59%    passed     99.75%
 233  PCMP_H340                      0.72%    passed     99.47%
 234  PCMP_H342                      4.12%    passed     99.53%
 235  PCMP_H343                      0.70%    passed     99.57%
 236  PCMP_H345                      3.24%    passed     96.51%
 237  PCMP_H346                      1.29%    passed     99.28%
 238  PCMP_H347                      0.52%    passed     98.60%
 239  PCMP_H348                      1.23%    passed     98.83%
 240  PCMP_H349                      3.89%    passed     99.50%
 241  PCMP_H34                       2.08%    passed     96.97%
 242  PCMP_H350                      3.20%    passed     98.98%
 243  PCMP_H351                      0.40%    passed     99.39%
 244  PCMP_H353                      2.13%    passed     92.93%
 245  PCMP_H354                      2.00%    passed     97.87%
 246  PCMP_H355                      0.83%    passed     99.26%
 247  PCMP_H356                      0.71%    passed     99.32%
 248  PCMP_H357                      1.13%    passed     99.27%
 249  PCMP_H359                      3.14%    passed     98.57%
 250  PCMP_H35                       0.40%    passed     99.23%
 251  PCMP_H360                      3.26%    passed     97.80%
 252  PCMP_H361                      2.52%    passed     93.93%
 253  PCMP_H362                      0.86%    passed     98.81%
 254  PCMP_H365                      2.13%    passed     97.39%
 255  PCMP_H367                      2.06%    passed     98.77%
 256  PCMP_H36                       1.51%    passed     95.45%
 257  PCMP_H370                      1.26%    passed     98.67%
 258  PCMP_H371                      0.37%    passed     99.43%
 259  PCMP_H372                      3.32%    passed     98.51%
 260  PCMP_H373                      0.62%    passed     99.75%
 261  PCMP_H374                      0.55%    passed     99.88%
 262  PCMP_H375                      1.28%    passed     99.09%
 263  PCMP_H376                      2.23%    passed     98.71%
 264  PCMP_H377                      3.36%    passed     98.42%
 265  PCMP_H378                      1.05%    passed     98.41%
 266  PCMP_H379                      0.40%    passed     99.82%
 267  PCMP_H37                       4.07%    passed     99.64%
 268  PCMP_H380                      0.58%    passed     99.17%
 269  PCMP_H381                      0.57%    passed     99.68%
 270  PCMP_H382                      0.57%    passed     99.74%
 271  PCMP_H383                      2.75%    passed     96.16%
 272  PCMP_H384                      2.69%    passed     99.00%
 273  PCMP_H385                      0.52%    passed     99.94%
 274  PCMP_H386                      3.24%    passed     97.57%
 275  PCMP_H387                      0.50%    passed     99.98%
 276  PCMP_H388                      2.72%    passed     97.79%
 277  PCMP_H389                      0.64%    passed     99.84%
 278  PCMP_H38                       1.17%    passed     99.24%
 279  PCMP_H390                      3.37%    passed     98.58%
 280  PCMP_H391                      3.15%    passed     97.21%
 281  PCMP_H392                      2.20%    passed     98.36%
 282  PCMP_H393                      0.57%    passed     99.20%
 283  PCMP_H394                      1.22%    passed     98.43%
 284  PCMP_H395                      0.56%    passed     99.55%
 285  PCMP_H396                      3.23%    passed     97.45%
 286  PCMP_H397                      0.44%    passed     99.28%
 287  PCMP_H398                      0.99%    passed     99.00%
 288  PCMP_H399                      2.00%    passed     95.63%
 289  PCMP_H39                       0.59%    passed     99.69%
 290  PCMP_H3                        0.25%    passed     99.88%
 291  PCMP_H400                      3.44%    passed     93.41%
 292  PCMP_H401                      3.45%    passed     98.22%
 293  PCMP_H402                      0.58%    passed     99.79%
 294  PCMP_H404                      0.60%    passed     99.84%
 295  PCMP_H405                      1.70%    passed     99.15%
 296  PCMP_H406                      0.62%    passed     99.89%
 297  PCMP_H407                      4.12%    passed     98.49%
 298  PCMP_H408                      3.30%    passed     96.54%
 299  PCMP_H409                      0.32%    passed     99.95%
 300  PCMP_H40                       2.78%    passed     96.83%
 301  PCMP_H410                      1.39%    passed     98.58%
 302  PCMP_H411                      0.75%    passed     84.82%
 303  PCMP_H412                      3.43%    passed     98.41%
 304  PCMP_H413                      3.23%    passed     98.55%
 305  PCMP_H414                      3.40%    passed     98.53%
 306  PCMP_H415                      3.15%    passed     98.33%
 307  PCMP_H416                      4.40%    passed     98.93%
 308  PCMP_H417                      0.45%    passed     99.57%
 309  PCMP_H418                      0.57%    passed     99.41%
 310  PCMP_H41                       0.57%    passed     98.30%
 311  PCMP_H420                      0.88%    passed     97.92%
 312  PCMP_H421                      0.61%    passed     99.82%
 313  PCMP_H422                      0.77%    passed     99.02%
 314  PCMP_H423                      3.45%    passed     92.04%
 315  PCMP_H424                      1.02%    passed     98.73%
 316  PCMP_H425                      1.24%    passed     98.76%
 317  PCMP_H426                      3.20%    passed     96.42%
 318  PCMP_H427                      0.44%    passed     99.92%
 319  PCMP_H428                      3.19%    passed     98.08%
 320  PCMP_H429                      3.12%    passed     97.52%
 321  PCMP_H42                       0.66%    passed     98.15%
 322  PCMP_H430                      2.85%    passed     97.69%
 323  PCMP_H431                      1.02%    passed     98.98%
 324  PCMP_H432                      1.15%    passed     98.99%
 325  PCMP_H433                      1.69%    passed     99.27%
 326  PCMP_H434                      0.75%    passed     99.56%
 327  PCMP_H436                      0.71%    passed     99.15%
 328  PCMP_H437                      0.70%    passed     99.56%
 329  PCMP_H438                      0.57%    passed     99.59%
 330  PCMP_H439                      0.81%    passed     99.53%
 331  PCMP_H43                       2.10%    passed     99.40%
 332  PCMP_H440                      2.88%    passed     92.71%
 333  PCMP_H441                      2.18%    passed     98.27%
 334  PCMP_H442                      2.27%    passed     96.94%
 335  PCMP_H443                      1.21%    passed     98.51%
 336  PCMP_H444                      3.22%    passed     98.50%
 337  PCMP_H445                      0.56%    passed     99.44%
 338  PCMP_H446                      3.11%    passed     97.23%
 339  PCMP_H447                      3.25%    passed     96.31%
 340  PCMP_H448                      2.00%    passed     95.76%
 341  PCMP_H44                       1.08%    passed     97.07%
 342  PCMP_H450                      4.11%    passed     97.91%
 343  PCMP_H453                      2.51%    passed     95.56%
 344  PCMP_H454                      0.97%    passed     96.40%
 345  PCMP_H455                      0.89%    passed     97.59%
 346  PCMP_H456                      0.82%    passed     98.56%
 347  PCMP_H457                      0.67%    passed     99.80%
 348  PCMP_H458                      0.94%    passed     99.30%
 349  PCMP_H459                      2.89%    passed     93.59%
 350  PCMP_H460                      0.45%    passed     99.76%
 351  PCMP_H461                      0.42%    passed     99.83%
 352  PCMP_H462                      3.26%    passed     96.89%
 353  PCMP_H464                      3.19%    passed     97.51%
 354  PCMP_H465                      0.97%    passed     96.73%
 355  PCMP_H466                      0.17%    passed     99.88%
 356  PCMP_H467                      3.07%    passed     96.63%
 357  PCMP_H468                      0.64%    passed     99.83%
 358  PCMP_H469                      3.25%    passed     98.54%
 359  PCMP_H46                       0.49%    passed     99.82%
 360  PCMP_H470                      0.44%    passed     99.64%
 361  PCMP_H471                      1.05%    passed     99.85%
 362  PCMP_H473                      3.29%    passed     97.41%
 363  PCMP_H474                      0.36%    passed     99.41%
 364  PCMP_H475                      1.17%    passed     98.52%
 365  PCMP_H477                      0.76%    passed     98.56%
 366  PCMP_H478                      0.54%    passed     99.98%
 367  PCMP_H479                      3.36%    passed     93.58%
 368  PCMP_H480                      0.53%    passed     99.63%
 369  PCMP_H481                      0.69%    passed     99.45%
 370  PCMP_H482                      0.60%    passed     99.84%
 371  PCMP_H48                       0.55%    passed     99.58%
 372  PCMP_H49                       0.57%    passed     99.44%
 373  PCMP_H4                        0.97%    passed     98.95%
 374  PCMP_H52                       2.54%    passed     99.43%
 375  PCMP_H54                       1.43%    passed     97.53%
 376  PCMP_H56                       2.28%    passed     98.26%
 377  PCMP_H59                       0.59%    passed     99.29%
 378  PCMP_H5                        1.44%    passed     98.20%
 379  PCMP_H60                       0.92%    passed     99.87%
 380  PCMP_H61                       0.69%    passed     98.29%
 381  PCMP_H65                       0.46%    passed     99.60%
 382  PCMP_H66                       0.29%    passed     99.90%
 383  PCMP_H68                       3.49%    passed     99.09%
 384  PCMP_H69                       3.19%    passed     98.34%
 385  PCMP_H70                       0.57%    passed     99.30%
 386  PCMP_H71                       2.73%    passed     97.19%
 387  PCMP_H72                       0.59%    passed     99.83%
 388  PCMP_H73                       4.42%    passed     99.88%
 389  PCMP_H74                       3.14%    passed     97.16%
 390  PCMP_H75                       0.43%    passed     99.72%
 391  PCMP_H76                       2.78%    passed     90.78%
 392  PCMP_H77                       3.52%    passed     98.01%
 393  PCMP_H78                       3.25%    passed     97.49%
 394  PCMP_H79                       0.57%    passed     99.39%
 395  PCMP_H7                        1.10%    passed     98.47%
 396  PCMP_H81                       3.32%    passed     99.27%
 397  PCMP_H82                       0.43%    passed     99.72%
 398  PCMP_H83                       0.45%    passed     99.13%
 399  PCMP_H84                       3.35%    passed     98.52%
 400  PCMP_H85                       1.38%    passed     98.25%
 401  PCMP_H86                       0.42%    passed     99.36%
 402  PCMP_H87                       3.10%    passed     98.01%
 403  PCMP_H88                       3.33%    passed     97.74%
 404  PCMP_H89                       0.60%    passed     99.73%
 405  PCMP_H8                        2.95%    passed     96.39%
 406  PCMP_H90                       0.36%    passed     99.62%
 407  PCMP_H91                       0.80%    passed     99.88%
 408  PCMP_H93                       2.23%    passed     96.40%
 409  PCMP_H94                       0.38%    passed     99.91%
 410  PCMP_H95                       2.76%    passed     94.53%
 411  PCMP_H96                       3.11%    passed     96.04%
 412  PCMP_H97                       4.30%    passed     99.88%
 413  PCMP_H98                       3.12%    passed     98.74%
 414  PCMP_H99                       0.36%    passed     99.70%
 415  PCMP_H9                        1.88%    passed     97.45%
****  TOTAL                          1.76%  1 sequences failed composition chi2 test (p-value<5%; df=3)
Reading input tree file /gpfs/accounts/esnitkin_root/esnitkin1/kgontjes/Project_Penn_KPC/Sequencing_data/variant_calling/2025-02-17_snpkit_Penn_KPC_ST258/output_files/2025_02_23_21_11_49_core_results/phylokit/results/gubbins/tmpgd051joh/2025_02_23_21_11_49_KPNIH1_genome_aln_w_alt_allele_unmapped.iteration_2.tre.rooted ... rooted tree

NOTE: 320 MB RAM (0 GB) is required!
Estimate model parameters (epsilon = 0.010)
1. Initial log-likelihood: -182138.292
2. Current log-likelihood: -165480.206
3. Current log-likelihood: -163406.662
4. Current log-likelihood: -163369.268
5. Current log-likelihood: -163320.543
6. Current log-likelihood: -163221.822
7. Current log-likelihood: -163032.979
8. Current log-likelihood: -162743.330
9. Current log-likelihood: -162444.584
10. Current log-likelihood: -162263.815
11. Current log-likelihood: -162200.540
12. Current log-likelihood: -162187.111
13. Current log-likelihood: -162184.559
14. Current log-likelihood: -162184.304
15. Current log-likelihood: -162184.264
Optimal log-likelihood: -162184.262
Rate parameters:  A-C: 0.99255  A-G: 5.75363  A-T: 0.93468  C-G: 0.42208  C-T: 5.65770  G-T: 1.00000
Base frequencies:  A: 0.227  C: 0.274  G: 0.277  T: 0.222
Gamma shape alpha: 35.645
Parameters optimization took 15 rounds (16.889 sec)
Wrote distance file to... 
BEST SCORE FOUND : -162184.262
Site rates printed to /gpfs/accounts/esnitkin_root/esnitkin1/kgontjes/Project_Penn_KPC/Sequencing_data/variant_calling/2025-02-17_snpkit_Penn_KPC_ST258/output_files/2025_02_23_21_11_49_core_results/phylokit/results/gubbins/tmpgd051joh/2025_02_23_21_11_49_KPNIH1_genome_aln_w_alt_allele_unmapped.iteration_2.mlrate
Total tree length: 2.502

Total number of iterations: 0
CPU time used for tree search: 0.000 sec (0h:0m:0s)
Wall-clock time used for tree search: 0.000 sec (0h:0m:0s)
Total CPU time used: 360.847 sec (0h:6m:0s)
Total wall-clock time used: 21.022 sec (0h:0m:21s)

Analysis results written to: 
  IQ-TREE report:                /gpfs/accounts/esnitkin_root/esnitkin1/kgontjes/Project_Penn_KPC/Sequencing_data/variant_calling/2025-02-17_snpkit_Penn_KPC_ST258/output_files/2025_02_23_21_11_49_core_results/phylokit/results/gubbins/tmpgd051joh/2025_02_23_21_11_49_KPNIH1_genome_aln_w_alt_allele_unmapped.iteration_2.iqtree
  Maximum-likelihood tree:       /gpfs/accounts/esnitkin_root/esnitkin1/kgontjes/Project_Penn_KPC/Sequencing_data/variant_calling/2025-02-17_snpkit_Penn_KPC_ST258/output_files/2025_02_23_21_11_49_core_results/phylokit/results/gubbins/tmpgd051joh/2025_02_23_21_11_49_KPNIH1_genome_aln_w_alt_allele_unmapped.iteration_2.treefile
  Site-specific rates:           /gpfs/accounts/esnitkin_root/esnitkin1/kgontjes/Project_Penn_KPC/Sequencing_data/variant_calling/2025-02-17_snpkit_Penn_KPC_ST258/output_files/2025_02_23_21_11_49_core_results/phylokit/results/gubbins/tmpgd051joh/2025_02_23_21_11_49_KPNIH1_genome_aln_w_alt_allele_unmapped.iteration_2.rate
  Screen log file:               /gpfs/accounts/esnitkin_root/esnitkin1/kgontjes/Project_Penn_KPC/Sequencing_data/variant_calling/2025-02-17_snpkit_Penn_KPC_ST258/output_files/2025_02_23_21_11_49_core_results/phylokit/results/gubbins/tmpgd051joh/2025_02_23_21_11_49_KPNIH1_genome_aln_w_alt_allele_unmapped.iteration_2.log

Date and Time: Sun Feb 23 23:25:06 2025
Printing alignment with internal node sequences:  /gpfs/accounts/esnitkin_root/esnitkin1/kgontjes/Project_Penn_KPC/Sequencing_data/variant_calling/2025-02-17_snpkit_Penn_KPC_ST258/output_files/2025_02_23_21_11_49_core_results/phylokit/results/gubbins/tmpgd051joh/2025_02_23_21_11_49_KPNIH1_genome_aln_w_alt_allele_unmapped.iteration_1.internal.joint.aln
Printing tree with internal nodes labelled:  /gpfs/accounts/esnitkin_root/esnitkin1/kgontjes/Project_Penn_KPC/Sequencing_data/variant_calling/2025-02-17_snpkit_Penn_KPC_ST258/output_files/2025_02_23_21_11_49_core_results/phylokit/results/gubbins/tmpgd051joh/2025_02_23_21_11_49_KPNIH1_genome_aln_w_alt_allele_unmapped.iteration_1.internal.joint.tre
Done
Time for JAR preparation:	0.8840438660000132
Time for JAR calculation:	152.12717160900002

Transferring pyjar results onto original recombination-corrected tree

Done transfer
...done. Run time: 528.71 s

Running Gubbins to detect recombinations...
gubbins -r -v 2025_02_23_21_11_49_KPNIH1_genome_aln_w_alt_allele_unmapped.fa.gaps.vcf -a 100 -b 10000 -f /gpfs/accounts/esnitkin_root/esnitkin1/kgontjes/Project_Penn_KPC/Sequencing_data/variant_calling/2025-02-17_snpkit_Penn_KPC_ST258/output_files/2025_02_23_21_11_49_core_results/phylokit/results/gubbins/tmpgd051joh/2025_02_23_21_11_49_KPNIH1_genome_aln_w_alt_allele_unmapped.fa -t 2025_02_23_21_11_49_KPNIH1_genome_aln_w_alt_allele_unmapped.iteration_1.tre -m 3 -p 0.05 -i 1.0 /gpfs/accounts/esnitkin_root/esnitkin1/kgontjes/Project_Penn_KPC/Sequencing_data/variant_calling/2025-02-17_snpkit_Penn_KPC_ST258/output_files/2025_02_23_21_11_49_core_results/phylokit/results/gubbins/tmpgd051joh/2025_02_23_21_11_49_KPNIH1_genome_aln_w_alt_allele_unmapped.iteration_1.internal.joint.aln
...done. Run time: 571.35 s

Checking for convergence...
...done. Run time: 571.38 s

*** Iteration 2 ***

Selecting best phylogenetic model
Phylogeny will be constructed with a GTRGAMMA model

Constructing the phylogenetic tree with raxmlHPC-PTHREADS-AVX2...
raxmlHPC-PTHREADS-AVX2 -T 18 -safe -m GTRGAMMA -p 641 -f d -p 1 -s /gpfs/accounts/esnitkin_root/esnitkin1/kgontjes/Project_Penn_KPC/Sequencing_data/variant_calling/2025-02-17_snpkit_Penn_KPC_ST258/output_files/2025_02_23_21_11_49_core_results/phylokit/results/gubbins/2025_02_23_21_11_49_KPNIH1_genome_aln_w_alt_allele_unmapped.iteration_1.tre.snp_sites.aln -n 2025_02_23_21_11_49_KPNIH1_genome_aln_w_alt_allele_unmapped.iteration_2 -t /gpfs/accounts/esnitkin_root/esnitkin1/kgontjes/Project_Penn_KPC/Sequencing_data/variant_calling/2025-02-17_snpkit_Penn_KPC_ST258/output_files/2025_02_23_21_11_49_core_results/phylokit/results/gubbins/2025_02_23_21_11_49_KPNIH1_genome_aln_w_alt_allele_unmapped.iteration_1.tre
...done. Run time: 749.43 s
Edge length is: 2.1728828840911465

Reconstructing ancestral sequences with pyjar...

Fitting substitution model to tree...
iqtree -nt 18 -safe -redo -m GTR+G4 -seed 9004 -s 2025_02_23_21_11_49_KPNIH1_genome_aln_w_alt_allele_unmapped.fa.snp_sites.aln -t /gpfs/accounts/esnitkin_root/esnitkin1/kgontjes/Project_Penn_KPC/Sequencing_data/variant_calling/2025-02-17_snpkit_Penn_KPC_ST258/output_files/2025_02_23_21_11_49_core_results/phylokit/results/gubbins/tmpgd051joh/2025_02_23_21_11_49_KPNIH1_genome_aln_w_alt_allele_unmapped.iteration_2.tre.rooted --prefix /gpfs/accounts/esnitkin_root/esnitkin1/kgontjes/Project_Penn_KPC/Sequencing_data/variant_calling/2025-02-17_snpkit_Penn_KPC_ST258/output_files/2025_02_23_21_11_49_core_results/phylokit/results/gubbins/tmpgd051joh/2025_02_23_21_11_49_KPNIH1_genome_aln_w_alt_allele_unmapped.iteration_2  -n 0 --mlrate -redo

Running joint ancestral reconstruction with pyjar
Reading tree file: /gpfs/accounts/esnitkin_root/esnitkin1/kgontjes/Project_Penn_KPC/Sequencing_data/variant_calling/2025-02-17_snpkit_Penn_KPC_ST258/output_files/2025_02_23_21_11_49_core_results/phylokit/results/gubbins/tmpgd051joh/2025_02_23_21_11_49_KPNIH1_genome_aln_w_alt_allele_unmapped.iteration_2.treefile
Reading info file: /gpfs/accounts/esnitkin_root/esnitkin1/kgontjes/Project_Penn_KPC/Sequencing_data/variant_calling/2025-02-17_snpkit_Penn_KPC_ST258/output_files/2025_02_23_21_11_49_core_results/phylokit/results/gubbins/tmpgd051joh/2025_02_23_21_11_49_KPNIH1_genome_aln_w_alt_allele_unmapped.iteration_2.log
Frequencies: 0.227, 0.274, 0.277, 0.222
Rates: 0.99255, 5.75363, 0.93468, 0.42208, 5.6577, 1.0
Reconstructing sites on tree


IMPORTANT WARNING: Sequences PCMP_H213 and PCMP_H387 are exactly identical


IMPORTANT WARNING: Sequences PCMP_H302 and PCMP_H329 are exactly identical

IMPORTANT WARNING
Found 2 sequences that are exactly identical to other sequences in the alignment.
Normally they should be excluded from the analysis.

Just in case you might need it, an alignment file with 
sequence duplicates removed is printed to file /gpfs/accounts/esnitkin_root/esnitkin1/kgontjes/Project_Penn_KPC/Sequencing_data/variant_calling/2025-02-17_snpkit_Penn_KPC_ST258/output_files/2025_02_23_21_11_49_core_results/phylokit/results/gubbins/2025_02_23_21_11_49_KPNIH1_genome_aln_w_alt_allele_unmapped.iteration_2.tre.phylip.reduced


Using BFGS method to optimize GTR rate parameters, to disable this specify "--no-bfgs" 


This is the RAxML Master Pthread

This is RAxML Worker Pthread Number: 1

This is RAxML Worker Pthread Number: 2

This is RAxML Worker Pthread Number: 3

This is RAxML Worker Pthread Number: 4

This is RAxML Worker Pthread Number: 5

This is RAxML Worker Pthread Number: 6

This is RAxML Worker Pthread Number: 7

This is RAxML Worker Pthread Number: 8

This is RAxML Worker Pthread Number: 9

This is RAxML Worker Pthread Number: 10

This is RAxML Worker Pthread Number: 11

This is RAxML Worker Pthread Number: 12

This is RAxML Worker Pthread Number: 13

This is RAxML Worker Pthread Number: 14

This is RAxML Worker Pthread Number: 15

This is RAxML Worker Pthread Number: 17

This is RAxML Worker Pthread Number: 16


This is RAxML version 8.2.12 released by Alexandros Stamatakis on May 2018.

With greatly appreciated code contributions by:
Andre Aberer      (HITS)
Simon Berger      (HITS)
Alexey Kozlov     (HITS)
Kassian Kobert    (HITS)
David Dao         (KIT and HITS)
Sarah Lutteropp   (KIT and HITS)
Nick Pattengale   (Sandia)
Wayne Pfeiffer    (SDSC)
Akifumi S. Tanabe (NRIFS)
Charlie Taylor    (UF)


Alignment has 4512 distinct alignment patterns

Proportion of gaps and completely undetermined characters in this alignment: 1.21%

RAxML rapid hill-climbing mode

Using 1 distinct models/data partitions with joint branch length optimization


Executing 1 inferences on the original alignment using 1 user-specified trees

All free model parameters will be estimated by RAxML
GAMMA model of rate heterogeneity, ML estimate of alpha-parameter

GAMMA Model parameters will be estimated up to an accuracy of 0.1000000000 Log Likelihood units

Partition: 0
Alignment Patterns: 4512
Name: No Name Provided
DataType: DNA
Substitution Matrix: GTR




RAxML was called as follows:

raxmlHPC-PTHREADS-AVX2 -T 18 -safe -m GTRGAMMA -p 641 -f d -p 1 -s /gpfs/accounts/esnitkin_root/esnitkin1/kgontjes/Project_Penn_KPC/Sequencing_data/variant_calling/2025-02-17_snpkit_Penn_KPC_ST258/output_files/2025_02_23_21_11_49_core_results/phylokit/results/gubbins/2025_02_23_21_11_49_KPNIH1_genome_aln_w_alt_allele_unmapped.iteration_2.tre.phylip -n 2025_02_23_21_11_49_KPNIH1_genome_aln_w_alt_allele_unmapped.iteration_3 -t /gpfs/accounts/esnitkin_root/esnitkin1/kgontjes/Project_Penn_KPC/Sequencing_data/variant_calling/2025-02-17_snpkit_Penn_KPC_ST258/output_files/2025_02_23_21_11_49_core_results/phylokit/results/gubbins/2025_02_23_21_11_49_KPNIH1_genome_aln_w_alt_allele_unmapped.iteration_2.tre 


Partition: 0 with name: No Name Provided
Base frequencies: 0.228 0.272 0.277 0.223 


WARNING the alpha parameter with a value of 13.435646 estimated by RAxML for partition number 0 with the name "No Name Provided"
is larger than 10.000000. You should do a model test and confirm that you actually need to incorporate a model of rate heterogeneity!
You can run inferences with a plain substitution model (without rate heterogeneity) by specifyng the CAT model and the "-V" option!


WARNING the alpha parameter with a value of 29.299808 estimated by RAxML for partition number 0 with the name "No Name Provided"
is larger than 10.000000. You should do a model test and confirm that you actually need to incorporate a model of rate heterogeneity!
You can run inferences with a plain substitution model (without rate heterogeneity) by specifyng the CAT model and the "-V" option!


WARNING the alpha parameter with a value of 65.733443 estimated by RAxML for partition number 0 with the name "No Name Provided"
is larger than 10.000000. You should do a model test and confirm that you actually need to incorporate a model of rate heterogeneity!
You can run inferences with a plain substitution model (without rate heterogeneity) by specifyng the CAT model and the "-V" option!


WARNING the alpha parameter with a value of 149.638935 estimated by RAxML for partition number 0 with the name "No Name Provided"
is larger than 10.000000. You should do a model test and confirm that you actually need to incorporate a model of rate heterogeneity!
You can run inferences with a plain substitution model (without rate heterogeneity) by specifyng the CAT model and the "-V" option!


WARNING the alpha parameter with a value of 333.978963 estimated by RAxML for partition number 0 with the name "No Name Provided"
is larger than 10.000000. You should do a model test and confirm that you actually need to incorporate a model of rate heterogeneity!
You can run inferences with a plain substitution model (without rate heterogeneity) by specifyng the CAT model and the "-V" option!


WARNING the alpha parameter with a value of 759.475388 estimated by RAxML for partition number 0 with the name "No Name Provided"
is larger than 10.000000. You should do a model test and confirm that you actually need to incorporate a model of rate heterogeneity!
You can run inferences with a plain substitution model (without rate heterogeneity) by specifyng the CAT model and the "-V" option!


WARNING the alpha parameter with a value of 1000.000000 estimated by RAxML for partition number 0 with the name "No Name Provided"
is larger than 10.000000. You should do a model test and confirm that you actually need to incorporate a model of rate heterogeneity!
You can run inferences with a plain substitution model (without rate heterogeneity) by specifyng the CAT model and the "-V" option!


WARNING the alpha parameter with a value of 1000.000000 estimated by RAxML for partition number 0 with the name "No Name Provided"
is larger than 10.000000. You should do a model test and confirm that you actually need to incorporate a model of rate heterogeneity!
You can run inferences with a plain substitution model (without rate heterogeneity) by specifyng the CAT model and the "-V" option!

Inference[0]: Time 59.054747 GAMMA-based likelihood -114978.103725, best rearrangement setting 5


Conducting final model optimizations on all 1 trees under GAMMA-based models ....


WARNING the alpha parameter with a value of 1000.000000 estimated by RAxML for partition number 0 with the name "No Name Provided"
is larger than 10.000000. You should do a model test and confirm that you actually need to incorporate a model of rate heterogeneity!
You can run inferences with a plain substitution model (without rate heterogeneity) by specifyng the CAT model and the "-V" option!

Inference[0] final GAMMA-based Likelihood: -114978.100778 tree written to file /gpfs/accounts/esnitkin_root/esnitkin1/kgontjes/Project_Penn_KPC/Sequencing_data/variant_calling/2025-02-17_snpkit_Penn_KPC_ST258/output_files/2025_02_23_21_11_49_core_results/phylokit/results/gubbins/tmpgd051joh/RAxML_result.2025_02_23_21_11_49_KPNIH1_genome_aln_w_alt_allele_unmapped.iteration_3


Starting final GAMMA-based thorough Optimization on tree 0 likelihood -114978.100778 .... 

Final GAMMA-based Score of best tree -114978.097336

Program execution info written to /gpfs/accounts/esnitkin_root/esnitkin1/kgontjes/Project_Penn_KPC/Sequencing_data/variant_calling/2025-02-17_snpkit_Penn_KPC_ST258/output_files/2025_02_23_21_11_49_core_results/phylokit/results/gubbins/tmpgd051joh/RAxML_info.2025_02_23_21_11_49_KPNIH1_genome_aln_w_alt_allele_unmapped.iteration_3
Best-scoring ML tree written to: /gpfs/accounts/esnitkin_root/esnitkin1/kgontjes/Project_Penn_KPC/Sequencing_data/variant_calling/2025-02-17_snpkit_Penn_KPC_ST258/output_files/2025_02_23_21_11_49_core_results/phylokit/results/gubbins/tmpgd051joh/RAxML_bestTree.2025_02_23_21_11_49_KPNIH1_genome_aln_w_alt_allele_unmapped.iteration_3

Overall execution time: 96.826884 secs or 0.026896 hours or 0.001121 days

IQ-TREE multicore version 2.3.4 COVID-edition for Linux x86 64-bit built Jun 18 2024
Developed by Bui Quang Minh, James Barbetti, Nguyen Lam Tung, Olga Chernomor,
Heiko Schmidt, Dominik Schrempf, Michael Woodhams, Ly Trong Nhan, Thomas Wong

Host:    gl3060.arc-ts.umich.edu (AVX512, FMA3, 186 GB RAM)
Command: iqtree -nt 18 -safe -redo -m GTR+G4 -seed 9004 -s 2025_02_23_21_11_49_KPNIH1_genome_aln_w_alt_allele_unmapped.fa.snp_sites.aln -t /gpfs/accounts/esnitkin_root/esnitkin1/kgontjes/Project_Penn_KPC/Sequencing_data/variant_calling/2025-02-17_snpkit_Penn_KPC_ST258/output_files/2025_02_23_21_11_49_core_results/phylokit/results/gubbins/tmpgd051joh/2025_02_23_21_11_49_KPNIH1_genome_aln_w_alt_allele_unmapped.iteration_3.tre.rooted --prefix /gpfs/accounts/esnitkin_root/esnitkin1/kgontjes/Project_Penn_KPC/Sequencing_data/variant_calling/2025-02-17_snpkit_Penn_KPC_ST258/output_files/2025_02_23_21_11_49_core_results/phylokit/results/gubbins/tmpgd051joh/2025_02_23_21_11_49_KPNIH1_genome_aln_w_alt_allele_unmapped.iteration_3 -n 0 --mlrate -redo
Seed:    9004 (Using SPRNG - Scalable Parallel Random Number Generator)
Time:    Sun Feb 23 23:30:07 2025
Kernel:  Safe AVX+FMA - 18 threads (19 CPU cores detected)

Reading alignment file 2025_02_23_21_11_49_KPNIH1_genome_aln_w_alt_allele_unmapped.fa.snp_sites.aln ... Fasta format detected
Reading fasta file: done in 0.310931 secs using 71.69% CPU
Alignment most likely contains DNA/RNA sequences
Alignment has 415 sequences with 33421 columns, 5950 distinct patterns
4060 parsimony-informative, 29361 singleton sites, 0 constant sites
                             Gap/Ambiguity  Composition  p-value
Analyzing sequences: done in 0.00110642 secs using 1424% CPU
   1  gi|661922017|gb|CP008827.1|    0.00%    passed     98.23%
   2  PCMP_H100                      3.30%    passed     97.91%
   3  PCMP_H101                      0.43%    passed     99.90%
   4  PCMP_H103                      3.60%    passed     98.81%
   5  PCMP_H104                      2.27%    passed     93.97%
   6  PCMP_H105                      0.71%    passed     99.77%
   7  PCMP_H106                      0.72%    passed     99.05%
   8  PCMP_H107                      3.22%    passed     98.87%
   9  PCMP_H108                      0.58%    passed     99.79%
  10  PCMP_H109                      1.27%    passed     96.29%
  11  PCMP_H10                       0.68%    passed     98.73%
  12  PCMP_H110                      0.72%    passed     99.77%
  13  PCMP_H111                      3.21%    passed     96.99%
  14  PCMP_H112                      3.15%    passed     97.14%
  15  PCMP_H113                      0.82%    passed     98.87%
  16  PCMP_H115                      0.47%    passed     99.55%
  17  PCMP_H116                      2.81%    passed     97.67%
  18  PCMP_H117                      0.51%    passed     99.54%
  19  PCMP_H118                      2.68%    passed     99.66%
  20  PCMP_H119                      0.58%    passed     99.88%
  21  PCMP_H11                       0.67%    passed     99.39%
  22  PCMP_H120                      0.82%    passed     98.79%
  23  PCMP_H121                      0.58%    passed     99.81%
  24  PCMP_H122                      0.94%    passed     99.45%
  25  PCMP_H123                      2.11%    passed     96.91%
  26  PCMP_H124                      0.56%    passed     99.69%
  27  PCMP_H125                      3.05%    passed     93.23%
  28  PCMP_H12                       0.53%    passed     99.55%
  29  PCMP_H130                      3.76%    passed     91.20%
  30  PCMP_H131                      0.89%    passed     97.88%
  31  PCMP_H132                      0.48%    passed     99.88%
  32  PCMP_H133                      2.30%    passed     94.77%
  33  PCMP_H134                      1.07%    passed     96.70%
  34  PCMP_H135                      0.73%    passed     98.27%
  35  PCMP_H136                      0.57%    passed     99.34%
  36  PCMP_H137                      3.35%    passed     98.34%
  37  PCMP_H138                      2.15%    passed     97.50%
  38  PCMP_H13                       0.88%    passed     97.72%
  39  PCMP_H140                      2.38%    passed     96.81%
  40  PCMP_H141                      2.10%    passed     96.28%
  41  PCMP_H142                      2.18%    passed     96.29%
  42  PCMP_H143                      2.47%    passed     96.30%
  43  PCMP_H144                      1.26%    passed     99.97%
  44  PCMP_H145                      1.05%    passed     95.82%
  45  PCMP_H146                      1.10%    passed     99.17%
  46  PCMP_H147                      2.68%    passed     96.02%
  47  PCMP_H148                      3.26%    passed     97.16%
  48  PCMP_H149                      3.28%    passed     98.02%
  49  PCMP_H14                       2.98%    passed    100.00%
  50  PCMP_H150                      3.16%    passed     97.00%
  51  PCMP_H151                      2.83%    passed     99.90%
  52  PCMP_H152                      2.99%    passed     98.74%
  53  PCMP_H153                      2.90%    passed     98.66%
  54  PCMP_H154                      0.75%    passed     98.12%
  55  PCMP_H155                      2.29%    passed     96.10%
  56  PCMP_H156                      0.43%    passed     99.55%
  57  PCMP_H157                      3.11%    passed     96.61%
  58  PCMP_H158                      3.12%    passed     98.08%
  59  PCMP_H159                      1.04%    passed     97.10%
  60  PCMP_H15                       2.20%    passed     96.39%
  61  PCMP_H160                      0.91%    passed     98.85%
  62  PCMP_H161                      2.21%    passed     94.42%
  63  PCMP_H162                      3.28%    passed     97.61%
  64  PCMP_H163                      0.95%    passed     98.41%
  65  PCMP_H165                      0.56%    passed     99.99%
  66  PCMP_H166                      3.14%    passed     97.81%
  67  PCMP_H167                      3.23%    passed     99.46%
  68  PCMP_H168                      2.29%    passed     99.16%
  69  PCMP_H169                      0.60%    passed     99.87%
  70  PCMP_H16                       0.67%    passed     99.55%
  71  PCMP_H170                      3.17%    passed     96.20%
  72  PCMP_H171                      2.77%    passed     94.99%
  73  PCMP_H172                      3.28%    passed     98.30%
  74  PCMP_H173                      3.20%    passed     98.01%
  75  PCMP_H174                      3.17%    passed     98.05%
  76  PCMP_H175                      1.20%    passed     99.29%
  77  PCMP_H176                      0.74%    passed     98.86%
  78  PCMP_H177                      0.43%    passed     99.69%
  79  PCMP_H178                      0.71%    passed     99.63%
  80  PCMP_H179                      0.37%    passed     99.31%
  81  PCMP_H17                       0.55%    passed     99.92%
  82  PCMP_H181                      3.25%    passed     97.92%
  83  PCMP_H182                      0.60%    passed     99.60%
  84  PCMP_H183                      0.39%    passed     99.98%
  85  PCMP_H184                      1.02%    passed     98.63%
  86  PCMP_H186                      0.77%    passed     98.82%
  87  PCMP_H187                      3.38%    passed     94.66%
  88  PCMP_H18                       2.62%    passed     98.02%
  89  PCMP_H191                      3.36%    passed     98.93%
  90  PCMP_H192                      0.52%    passed     99.86%
  91  PCMP_H193                      3.20%    passed     98.22%
  92  PCMP_H194                      0.34%    passed     99.94%
  93  PCMP_H195                      2.17%    passed     95.45%
  94  PCMP_H196                      3.17%    passed     98.22%
  95  PCMP_H197                      0.72%    passed     99.47%
  96  PCMP_H198                      0.36%    passed     99.90%
  97  PCMP_H199                      0.84%    passed     99.73%
  98  PCMP_H19                       3.48%    passed     99.66%
  99  PCMP_H1                        0.56%    passed     99.81%
 100  PCMP_H200                      0.69%    passed     99.79%
 101  PCMP_H201                      3.23%    passed     98.79%
 102  PCMP_H202                      0.94%    passed     99.30%
 103  PCMP_H204                      0.58%    passed     99.05%
 104  PCMP_H205                      1.91%    passed     96.15%
 105  PCMP_H206                      0.31%    passed     99.85%
 106  PCMP_H207                      2.74%    passed     97.88%
 107  PCMP_H208                      3.13%    passed     97.62%
 108  PCMP_H209                      0.57%    passed     99.26%
 109  PCMP_H210                      2.20%    passed     98.98%
 110  PCMP_H211                      3.39%    passed     97.99%
 111  PCMP_H212                      2.94%    passed     99.91%
 112  PCMP_H213                      0.53%    passed     99.97%
 113  PCMP_H214                      0.79%    passed     99.05%
 114  PCMP_H215                      3.26%    passed     97.10%
 115  PCMP_H216                      0.83%    passed     99.54%
 116  PCMP_H218                      1.73%    passed     95.86%
 117  PCMP_H219                      0.37%    passed     99.93%
 118  PCMP_H21                       2.28%    passed     98.88%
 119  PCMP_H220                      3.25%    passed     97.44%
 120  PCMP_H221                      0.86%    passed     99.09%
 121  PCMP_H222                      1.15%    passed     98.58%
 122  PCMP_H223                      2.80%    passed     98.28%
 123  PCMP_H224                      3.11%    passed     97.31%
 124  PCMP_H225                      3.29%    passed     98.54%
 125  PCMP_H226                      0.38%    passed     99.93%
 126  PCMP_H227                      0.42%    passed     99.87%
 127  PCMP_H229                      1.92%    passed     96.14%
 128  PCMP_H22                       0.58%    passed     99.77%
 129  PCMP_H230                      2.33%    passed     95.87%
 130  PCMP_H231                      3.25%    passed     98.66%
 131  PCMP_H232                      2.23%    passed     95.76%
 132  PCMP_H233                      0.43%    passed     99.91%
 133  PCMP_H234                      2.65%    passed     95.83%
 134  PCMP_H235                      0.61%    passed     99.76%
 135  PCMP_H236                      1.80%    passed     96.95%
 136  PCMP_H237                      0.69%    passed     99.87%
 137  PCMP_H238                      1.86%    passed     96.01%
 138  PCMP_H239                      0.38%    passed     99.94%
 139  PCMP_H23                       3.10%    passed     96.81%
 140  PCMP_H240                      0.64%    passed     99.80%
 141  PCMP_H241                      1.25%    passed     99.95%
 142  PCMP_H242                      2.42%    passed     96.22%
 143  PCMP_H243                      3.48%    failed      0.04%
 144  PCMP_H246                      2.30%    passed     98.41%
 145  PCMP_H247                      0.41%    passed     99.93%
 146  PCMP_H249                      4.92%    passed     95.38%
 147  PCMP_H250                      2.82%    passed     99.33%
 148  PCMP_H251                      0.34%    passed     99.99%
 149  PCMP_H252                      1.10%    passed     98.59%
 150  PCMP_H253                      3.20%    passed     97.93%
 151  PCMP_H254                      3.28%    passed     97.07%
 152  PCMP_H255                      3.43%    passed     98.64%
 153  PCMP_H256                      1.13%    passed     98.18%
 154  PCMP_H257                      0.75%    passed     98.76%
 155  PCMP_H258                      3.01%    passed     95.70%
 156  PCMP_H259                      0.47%    passed     99.98%
 157  PCMP_H261                      3.35%    passed     98.74%
 158  PCMP_H262                      3.01%    passed     89.64%
 159  PCMP_H264                      0.57%    passed     99.91%
 160  PCMP_H265                      0.81%    passed     98.96%
 161  PCMP_H266                      1.07%    passed     98.99%
 162  PCMP_H267                      0.50%    passed     99.11%
 163  PCMP_H268                      0.47%    passed     99.10%
 164  PCMP_H269                      3.46%    passed     98.25%
 165  PCMP_H26                       1.20%    passed     96.07%
 166  PCMP_H270                      2.31%    passed     95.66%
 167  PCMP_H271                      2.28%    passed     95.09%
 168  PCMP_H272                      0.79%    passed     99.63%
 169  PCMP_H273                      1.09%    passed     95.49%
 170  PCMP_H274                      1.12%    passed     96.57%
 171  PCMP_H275                      0.58%    passed     99.82%
 172  PCMP_H276                      3.42%    passed     98.24%
 173  PCMP_H277                      0.72%    passed     99.11%
 174  PCMP_H278                      0.59%    passed     99.46%
 175  PCMP_H27                       0.57%    passed     99.81%
 176  PCMP_H280                      0.74%    passed     99.40%
 177  PCMP_H281                      2.13%    passed     96.47%
 178  PCMP_H282                      4.44%    passed     99.45%
 179  PCMP_H283                      0.64%    passed     99.19%
 180  PCMP_H284                      0.48%    passed     99.76%
 181  PCMP_H285                      3.00%    passed     95.15%
 182  PCMP_H286                      0.56%    passed     99.97%
 183  PCMP_H287                      2.71%    passed     96.45%
 184  PCMP_H288                      0.40%    passed     99.16%
 185  PCMP_H289                      1.07%    passed     98.16%
 186  PCMP_H290                      0.57%    passed     99.31%
 187  PCMP_H291                      3.29%    passed     97.96%
 188  PCMP_H292                      3.16%    passed     97.97%
 189  PCMP_H293                      4.20%    passed     99.17%
 190  PCMP_H294                      0.48%    passed     99.15%
 191  PCMP_H295                      0.59%    passed     99.89%
 192  PCMP_H296                      3.99%    passed     94.97%
 193  PCMP_H297                      2.66%    passed     95.79%
 194  PCMP_H299                      2.20%    passed     97.23%
 195  PCMP_H2                        3.05%    passed     99.76%
 196  PCMP_H300                      0.41%    passed     99.81%
 197  PCMP_H301                      3.17%    passed     98.19%
 198  PCMP_H302                      0.38%    passed     99.30%
 199  PCMP_H303                      3.06%    passed     96.20%
 200  PCMP_H305                      3.28%    passed     98.32%
 201  PCMP_H306                      0.89%    passed     97.38%
 202  PCMP_H307                      3.25%    passed     97.44%
 203  PCMP_H308                      4.46%    passed     99.78%
 204  PCMP_H309                      0.67%    passed     99.65%
 205  PCMP_H30                       3.01%    passed     97.04%
 206  PCMP_H311                      0.46%    passed     99.78%
 207  PCMP_H312                      0.45%    passed     99.72%
 208  PCMP_H313                      3.17%    passed     95.58%
 209  PCMP_H314                      3.12%    passed     98.58%
 210  PCMP_H315                      0.77%    passed     98.73%
 211  PCMP_H316                      2.25%    passed     94.47%
 212  PCMP_H317                      1.05%    passed     95.68%
 213  PCMP_H318                      4.91%    passed     96.04%
 214  PCMP_H319                      0.72%    passed     99.55%
 215  PCMP_H31                       0.56%    passed     99.66%
 216  PCMP_H320                      3.07%    passed     98.12%
 217  PCMP_H322                      0.37%    passed     99.87%
 218  PCMP_H323                      3.17%    passed     96.21%
 219  PCMP_H325                      0.71%    passed     86.75%
 220  PCMP_H326                      1.61%    passed     99.71%
 221  PCMP_H327                      2.25%    passed     97.88%
 222  PCMP_H328                      0.56%    passed     99.54%
 223  PCMP_H329                      0.49%    passed     99.00%
 224  PCMP_H32                       3.20%    passed     96.81%
 225  PCMP_H330                      1.10%    passed     99.32%
 226  PCMP_H331                      0.56%    passed     99.91%
 227  PCMP_H332                      0.48%    passed     99.04%
 228  PCMP_H335                      3.19%    passed     97.50%
 229  PCMP_H337                      3.53%    passed     98.93%
 230  PCMP_H338                      0.50%    passed     99.36%
 231  PCMP_H339                      0.52%    passed     99.75%
 232  PCMP_H33                       0.59%    passed     99.75%
 233  PCMP_H340                      0.72%    passed     99.47%
 234  PCMP_H342                      4.12%    passed     99.53%
 235  PCMP_H343                      0.70%    passed     99.57%
 236  PCMP_H345                      3.24%    passed     96.51%
 237  PCMP_H346                      1.29%    passed     99.28%
 238  PCMP_H347                      0.52%    passed     98.60%
 239  PCMP_H348                      1.23%    passed     98.83%
 240  PCMP_H349                      3.89%    passed     99.50%
 241  PCMP_H34                       2.08%    passed     96.97%
 242  PCMP_H350                      3.20%    passed     98.98%
 243  PCMP_H351                      0.40%    passed     99.39%
 244  PCMP_H353                      2.13%    passed     92.93%
 245  PCMP_H354                      2.00%    passed     97.87%
 246  PCMP_H355                      0.83%    passed     99.26%
 247  PCMP_H356                      0.71%    passed     99.32%
 248  PCMP_H357                      1.13%    passed     99.27%
 249  PCMP_H359                      3.14%    passed     98.57%
 250  PCMP_H35                       0.40%    passed     99.23%
 251  PCMP_H360                      3.26%    passed     97.80%
 252  PCMP_H361                      2.52%    passed     93.93%
 253  PCMP_H362                      0.86%    passed     98.81%
 254  PCMP_H365                      2.13%    passed     97.39%
 255  PCMP_H367                      2.06%    passed     98.77%
 256  PCMP_H36                       1.51%    passed     95.45%
 257  PCMP_H370                      1.26%    passed     98.67%
 258  PCMP_H371                      0.37%    passed     99.43%
 259  PCMP_H372                      3.32%    passed     98.51%
 260  PCMP_H373                      0.62%    passed     99.75%
 261  PCMP_H374                      0.55%    passed     99.88%
 262  PCMP_H375                      1.28%    passed     99.09%
 263  PCMP_H376                      2.23%    passed     98.71%
 264  PCMP_H377                      3.36%    passed     98.42%
 265  PCMP_H378                      1.05%    passed     98.41%
 266  PCMP_H379                      0.40%    passed     99.82%
 267  PCMP_H37                       4.07%    passed     99.64%
 268  PCMP_H380                      0.58%    passed     99.17%
 269  PCMP_H381                      0.57%    passed     99.68%
 270  PCMP_H382                      0.57%    passed     99.74%
 271  PCMP_H383                      2.75%    passed     96.16%
 272  PCMP_H384                      2.69%    passed     99.00%
 273  PCMP_H385                      0.52%    passed     99.94%
 274  PCMP_H386                      3.24%    passed     97.57%
 275  PCMP_H387                      0.50%    passed     99.98%
 276  PCMP_H388                      2.72%    passed     97.79%
 277  PCMP_H389                      0.64%    passed     99.84%
 278  PCMP_H38                       1.17%    passed     99.24%
 279  PCMP_H390                      3.37%    passed     98.58%
 280  PCMP_H391                      3.15%    passed     97.21%
 281  PCMP_H392                      2.20%    passed     98.36%
 282  PCMP_H393                      0.57%    passed     99.20%
 283  PCMP_H394                      1.22%    passed     98.43%
 284  PCMP_H395                      0.56%    passed     99.55%
 285  PCMP_H396                      3.23%    passed     97.45%
 286  PCMP_H397                      0.44%    passed     99.28%
 287  PCMP_H398                      0.99%    passed     99.00%
 288  PCMP_H399                      2.00%    passed     95.63%
 289  PCMP_H39                       0.59%    passed     99.69%
 290  PCMP_H3                        0.25%    passed     99.88%
 291  PCMP_H400                      3.44%    passed     93.41%
 292  PCMP_H401                      3.45%    passed     98.22%
 293  PCMP_H402                      0.58%    passed     99.79%
 294  PCMP_H404                      0.60%    passed     99.84%
 295  PCMP_H405                      1.70%    passed     99.15%
 296  PCMP_H406                      0.62%    passed     99.89%
 297  PCMP_H407                      4.12%    passed     98.49%
 298  PCMP_H408                      3.30%    passed     96.54%
 299  PCMP_H409                      0.32%    passed     99.95%
 300  PCMP_H40                       2.78%    passed     96.83%
 301  PCMP_H410                      1.39%    passed     98.58%
 302  PCMP_H411                      0.75%    passed     84.82%
 303  PCMP_H412                      3.43%    passed     98.41%
 304  PCMP_H413                      3.23%    passed     98.55%
 305  PCMP_H414                      3.40%    passed     98.53%
 306  PCMP_H415                      3.15%    passed     98.33%
 307  PCMP_H416                      4.40%    passed     98.93%
 308  PCMP_H417                      0.45%    passed     99.57%
 309  PCMP_H418                      0.57%    passed     99.41%
 310  PCMP_H41                       0.57%    passed     98.30%
 311  PCMP_H420                      0.88%    passed     97.92%
 312  PCMP_H421                      0.61%    passed     99.82%
 313  PCMP_H422                      0.77%    passed     99.02%
 314  PCMP_H423                      3.45%    passed     92.04%
 315  PCMP_H424                      1.02%    passed     98.73%
 316  PCMP_H425                      1.24%    passed     98.76%
 317  PCMP_H426                      3.20%    passed     96.42%
 318  PCMP_H427                      0.44%    passed     99.92%
 319  PCMP_H428                      3.19%    passed     98.08%
 320  PCMP_H429                      3.12%    passed     97.52%
 321  PCMP_H42                       0.66%    passed     98.15%
 322  PCMP_H430                      2.85%    passed     97.69%
 323  PCMP_H431                      1.02%    passed     98.98%
 324  PCMP_H432                      1.15%    passed     98.99%
 325  PCMP_H433                      1.69%    passed     99.27%
 326  PCMP_H434                      0.75%    passed     99.56%
 327  PCMP_H436                      0.71%    passed     99.15%
 328  PCMP_H437                      0.70%    passed     99.56%
 329  PCMP_H438                      0.57%    passed     99.59%
 330  PCMP_H439                      0.81%    passed     99.53%
 331  PCMP_H43                       2.10%    passed     99.40%
 332  PCMP_H440                      2.88%    passed     92.71%
 333  PCMP_H441                      2.18%    passed     98.27%
 334  PCMP_H442                      2.27%    passed     96.94%
 335  PCMP_H443                      1.21%    passed     98.51%
 336  PCMP_H444                      3.22%    passed     98.50%
 337  PCMP_H445                      0.56%    passed     99.44%
 338  PCMP_H446                      3.11%    passed     97.23%
 339  PCMP_H447                      3.25%    passed     96.31%
 340  PCMP_H448                      2.00%    passed     95.76%
 341  PCMP_H44                       1.08%    passed     97.07%
 342  PCMP_H450                      4.11%    passed     97.91%
 343  PCMP_H453                      2.51%    passed     95.56%
 344  PCMP_H454                      0.97%    passed     96.40%
 345  PCMP_H455                      0.89%    passed     97.59%
 346  PCMP_H456                      0.82%    passed     98.56%
 347  PCMP_H457                      0.67%    passed     99.80%
 348  PCMP_H458                      0.94%    passed     99.30%
 349  PCMP_H459                      2.89%    passed     93.59%
 350  PCMP_H460                      0.45%    passed     99.76%
 351  PCMP_H461                      0.42%    passed     99.83%
 352  PCMP_H462                      3.26%    passed     96.89%
 353  PCMP_H464                      3.19%    passed     97.51%
 354  PCMP_H465                      0.97%    passed     96.73%
 355  PCMP_H466                      0.17%    passed     99.88%
 356  PCMP_H467                      3.07%    passed     96.63%
 357  PCMP_H468                      0.64%    passed     99.83%
 358  PCMP_H469                      3.25%    passed     98.54%
 359  PCMP_H46                       0.49%    passed     99.82%
 360  PCMP_H470                      0.44%    passed     99.64%
 361  PCMP_H471                      1.05%    passed     99.85%
 362  PCMP_H473                      3.29%    passed     97.41%
 363  PCMP_H474                      0.36%    passed     99.41%
 364  PCMP_H475                      1.17%    passed     98.52%
 365  PCMP_H477                      0.76%    passed     98.56%
 366  PCMP_H478                      0.54%    passed     99.98%
 367  PCMP_H479                      3.36%    passed     93.58%
 368  PCMP_H480                      0.53%    passed     99.63%
 369  PCMP_H481                      0.69%    passed     99.45%
 370  PCMP_H482                      0.60%    passed     99.84%
 371  PCMP_H48                       0.55%    passed     99.58%
 372  PCMP_H49                       0.57%    passed     99.44%
 373  PCMP_H4                        0.97%    passed     98.95%
 374  PCMP_H52                       2.54%    passed     99.43%
 375  PCMP_H54                       1.43%    passed     97.53%
 376  PCMP_H56                       2.28%    passed     98.26%
 377  PCMP_H59                       0.59%    passed     99.29%
 378  PCMP_H5                        1.44%    passed     98.20%
 379  PCMP_H60                       0.92%    passed     99.87%
 380  PCMP_H61                       0.69%    passed     98.29%
 381  PCMP_H65                       0.46%    passed     99.60%
 382  PCMP_H66                       0.29%    passed     99.90%
 383  PCMP_H68                       3.49%    passed     99.09%
 384  PCMP_H69                       3.19%    passed     98.34%
 385  PCMP_H70                       0.57%    passed     99.30%
 386  PCMP_H71                       2.73%    passed     97.19%
 387  PCMP_H72                       0.59%    passed     99.83%
 388  PCMP_H73                       4.42%    passed     99.88%
 389  PCMP_H74                       3.14%    passed     97.16%
 390  PCMP_H75                       0.43%    passed     99.72%
 391  PCMP_H76                       2.78%    passed     90.78%
 392  PCMP_H77                       3.52%    passed     98.01%
 393  PCMP_H78                       3.25%    passed     97.49%
 394  PCMP_H79                       0.57%    passed     99.39%
 395  PCMP_H7                        1.10%    passed     98.47%
 396  PCMP_H81                       3.32%    passed     99.27%
 397  PCMP_H82                       0.43%    passed     99.72%
 398  PCMP_H83                       0.45%    passed     99.13%
 399  PCMP_H84                       3.35%    passed     98.52%
 400  PCMP_H85                       1.38%    passed     98.25%
 401  PCMP_H86                       0.42%    passed     99.36%
 402  PCMP_H87                       3.10%    passed     98.01%
 403  PCMP_H88                       3.33%    passed     97.74%
 404  PCMP_H89                       0.60%    passed     99.73%
 405  PCMP_H8                        2.95%    passed     96.39%
 406  PCMP_H90                       0.36%    passed     99.62%
 407  PCMP_H91                       0.80%    passed     99.88%
 408  PCMP_H93                       2.23%    passed     96.40%
 409  PCMP_H94                       0.38%    passed     99.91%
 410  PCMP_H95                       2.76%    passed     94.53%
 411  PCMP_H96                       3.11%    passed     96.04%
 412  PCMP_H97                       4.30%    passed     99.88%
 413  PCMP_H98                       3.12%    passed     98.74%
 414  PCMP_H99                       0.36%    passed     99.70%
 415  PCMP_H9                        1.88%    passed     97.45%
****  TOTAL                          1.76%  1 sequences failed composition chi2 test (p-value<5%; df=3)
Reading input tree file /gpfs/accounts/esnitkin_root/esnitkin1/kgontjes/Project_Penn_KPC/Sequencing_data/variant_calling/2025-02-17_snpkit_Penn_KPC_ST258/output_files/2025_02_23_21_11_49_core_results/phylokit/results/gubbins/tmpgd051joh/2025_02_23_21_11_49_KPNIH1_genome_aln_w_alt_allele_unmapped.iteration_3.tre.rooted ... rooted tree

NOTE: 320 MB RAM (0 GB) is required!
Estimate model parameters (epsilon = 0.010)
1. Initial log-likelihood: -182262.843
2. Current log-likelihood: -165493.365
3. Current log-likelihood: -163417.472
4. Current log-likelihood: -163359.799
5. Current log-likelihood: -163264.053
6. Current log-likelihood: -163080.761
7. Current log-likelihood: -162796.355
8. Current log-likelihood: -162497.182
9. Current log-likelihood: -162310.604
10. Current log-likelihood: -162243.553
11. Current log-likelihood: -162228.965
12. Current log-likelihood: -162226.846
13. Current log-likelihood: -162225.856
14. Current log-likelihood: -162225.753
15. Current log-likelihood: -162225.740
Optimal log-likelihood: -162225.738
Rate parameters:  A-C: 0.99113  A-G: 5.75062  A-T: 0.93353  C-G: 0.42114  C-T: 5.65556  G-T: 1.00000
Base frequencies:  A: 0.227  C: 0.274  G: 0.277  T: 0.222
Gamma shape alpha: 34.555
Parameters optimization took 15 rounds (18.056 sec)
Wrote distance file to... 
BEST SCORE FOUND : -162225.738
Site rates printed to /gpfs/accounts/esnitkin_root/esnitkin1/kgontjes/Project_Penn_KPC/Sequencing_data/variant_calling/2025-02-17_snpkit_Penn_KPC_ST258/output_files/2025_02_23_21_11_49_core_results/phylokit/results/gubbins/tmpgd051joh/2025_02_23_21_11_49_KPNIH1_genome_aln_w_alt_allele_unmapped.iteration_3.mlrate
Total tree length: 2.505

Total number of iterations: 0
CPU time used for tree search: 0.000 sec (0h:0m:0s)
Wall-clock time used for tree search: 0.000 sec (0h:0m:0s)
Total CPU time used: 378.879 sec (0h:6m:18s)
Total wall-clock time used: 21.986 sec (0h:0m:21s)

Analysis results written to: 
  IQ-TREE report:                /gpfs/accounts/esnitkin_root/esnitkin1/kgontjes/Project_Penn_KPC/Sequencing_data/variant_calling/2025-02-17_snpkit_Penn_KPC_ST258/output_files/2025_02_23_21_11_49_core_results/phylokit/results/gubbins/tmpgd051joh/2025_02_23_21_11_49_KPNIH1_genome_aln_w_alt_allele_unmapped.iteration_3.iqtree
  Maximum-likelihood tree:       /gpfs/accounts/esnitkin_root/esnitkin1/kgontjes/Project_Penn_KPC/Sequencing_data/variant_calling/2025-02-17_snpkit_Penn_KPC_ST258/output_files/2025_02_23_21_11_49_core_results/phylokit/results/gubbins/tmpgd051joh/2025_02_23_21_11_49_KPNIH1_genome_aln_w_alt_allele_unmapped.iteration_3.treefile
  Site-specific rates:           /gpfs/accounts/esnitkin_root/esnitkin1/kgontjes/Project_Penn_KPC/Sequencing_data/variant_calling/2025-02-17_snpkit_Penn_KPC_ST258/output_files/2025_02_23_21_11_49_core_results/phylokit/results/gubbins/tmpgd051joh/2025_02_23_21_11_49_KPNIH1_genome_aln_w_alt_allele_unmapped.iteration_3.rate
  Screen log file:               /gpfs/accounts/esnitkin_root/esnitkin1/kgontjes/Project_Penn_KPC/Sequencing_data/variant_calling/2025-02-17_snpkit_Penn_KPC_ST258/output_files/2025_02_23_21_11_49_core_results/phylokit/results/gubbins/tmpgd051joh/2025_02_23_21_11_49_KPNIH1_genome_aln_w_alt_allele_unmapped.iteration_3.log

Date and Time: Sun Feb 23 23:30:30 2025
Printing alignment with internal node sequences:  /gpfs/accounts/esnitkin_root/esnitkin1/kgontjes/Project_Penn_KPC/Sequencing_data/variant_calling/2025-02-17_snpkit_Penn_KPC_ST258/output_files/2025_02_23_21_11_49_core_results/phylokit/results/gubbins/tmpgd051joh/2025_02_23_21_11_49_KPNIH1_genome_aln_w_alt_allele_unmapped.iteration_2.internal.joint.aln
Printing tree with internal nodes labelled:  /gpfs/accounts/esnitkin_root/esnitkin1/kgontjes/Project_Penn_KPC/Sequencing_data/variant_calling/2025-02-17_snpkit_Penn_KPC_ST258/output_files/2025_02_23_21_11_49_core_results/phylokit/results/gubbins/tmpgd051joh/2025_02_23_21_11_49_KPNIH1_genome_aln_w_alt_allele_unmapped.iteration_2.internal.joint.tre
Done
Time for JAR preparation:	0.8953812380000272
Time for JAR calculation:	151.285830277

Transferring pyjar results onto original recombination-corrected tree

Done transfer
...done. Run time: 928.29 s

Running Gubbins to detect recombinations...
gubbins -r -v 2025_02_23_21_11_49_KPNIH1_genome_aln_w_alt_allele_unmapped.fa.gaps.vcf -a 100 -b 10000 -f /gpfs/accounts/esnitkin_root/esnitkin1/kgontjes/Project_Penn_KPC/Sequencing_data/variant_calling/2025-02-17_snpkit_Penn_KPC_ST258/output_files/2025_02_23_21_11_49_core_results/phylokit/results/gubbins/tmpgd051joh/2025_02_23_21_11_49_KPNIH1_genome_aln_w_alt_allele_unmapped.fa -t 2025_02_23_21_11_49_KPNIH1_genome_aln_w_alt_allele_unmapped.iteration_2.tre -m 3 -p 0.05 -i 1.0 /gpfs/accounts/esnitkin_root/esnitkin1/kgontjes/Project_Penn_KPC/Sequencing_data/variant_calling/2025-02-17_snpkit_Penn_KPC_ST258/output_files/2025_02_23_21_11_49_core_results/phylokit/results/gubbins/tmpgd051joh/2025_02_23_21_11_49_KPNIH1_genome_aln_w_alt_allele_unmapped.iteration_2.internal.joint.aln
...done. Run time: 975.56 s

Checking for convergence...
...done. Run time: 975.59 s

*** Iteration 3 ***

Constructing the phylogenetic tree with raxmlHPC-PTHREADS-AVX2...
raxmlHPC-PTHREADS-AVX2 -T 18 -safe -m GTRGAMMA -p 641 -f d -p 1 -s /gpfs/accounts/esnitkin_root/esnitkin1/kgontjes/Project_Penn_KPC/Sequencing_data/variant_calling/2025-02-17_snpkit_Penn_KPC_ST258/output_files/2025_02_23_21_11_49_core_results/phylokit/results/gubbins/2025_02_23_21_11_49_KPNIH1_genome_aln_w_alt_allele_unmapped.iteration_2.tre.phylip -n 2025_02_23_21_11_49_KPNIH1_genome_aln_w_alt_allele_unmapped.iteration_3 -t /gpfs/accounts/esnitkin_root/esnitkin1/kgontjes/Project_Penn_KPC/Sequencing_data/variant_calling/2025-02-17_snpkit_Penn_KPC_ST258/output_files/2025_02_23_21_11_49_core_results/phylokit/results/gubbins/2025_02_23_21_11_49_KPNIH1_genome_aln_w_alt_allele_unmapped.iteration_2.tre
...done. Run time: 1072.48 s
Edge length is: 2.174082933896209

Reconstructing ancestral sequences with pyjar...

Fitting substitution model to tree...
iqtree -nt 18 -safe -redo -m GTR+G4 -seed 9004 -s 2025_02_23_21_11_49_KPNIH1_genome_aln_w_alt_allele_unmapped.fa.snp_sites.aln -t /gpfs/accounts/esnitkin_root/esnitkin1/kgontjes/Project_Penn_KPC/Sequencing_data/variant_calling/2025-02-17_snpkit_Penn_KPC_ST258/output_files/2025_02_23_21_11_49_core_results/phylokit/results/gubbins/tmpgd051joh/2025_02_23_21_11_49_KPNIH1_genome_aln_w_alt_allele_unmapped.iteration_3.tre.rooted --prefix /gpfs/accounts/esnitkin_root/esnitkin1/kgontjes/Project_Penn_KPC/Sequencing_data/variant_calling/2025-02-17_snpkit_Penn_KPC_ST258/output_files/2025_02_23_21_11_49_core_results/phylokit/results/gubbins/tmpgd051joh/2025_02_23_21_11_49_KPNIH1_genome_aln_w_alt_allele_unmapped.iteration_3  -n 0 --mlrate -redo

Running joint ancestral reconstruction with pyjar
Reading tree file: /gpfs/accounts/esnitkin_root/esnitkin1/kgontjes/Project_Penn_KPC/Sequencing_data/variant_calling/2025-02-17_snpkit_Penn_KPC_ST258/output_files/2025_02_23_21_11_49_core_results/phylokit/results/gubbins/tmpgd051joh/2025_02_23_21_11_49_KPNIH1_genome_aln_w_alt_allele_unmapped.iteration_3.treefile
Reading info file: /gpfs/accounts/esnitkin_root/esnitkin1/kgontjes/Project_Penn_KPC/Sequencing_data/variant_calling/2025-02-17_snpkit_Penn_KPC_ST258/output_files/2025_02_23_21_11_49_core_results/phylokit/results/gubbins/tmpgd051joh/2025_02_23_21_11_49_KPNIH1_genome_aln_w_alt_allele_unmapped.iteration_3.log
Frequencies: 0.227, 0.274, 0.277, 0.222
Rates: 0.99113, 5.75062, 0.93353, 0.42114, 5.65556, 1.0
Reconstructing sites on tree


IMPORTANT WARNING: Sequences PCMP_H213 and PCMP_H387 are exactly identical


IMPORTANT WARNING: Sequences PCMP_H302 and PCMP_H329 are exactly identical

IMPORTANT WARNING
Found 2 sequences that are exactly identical to other sequences in the alignment.
Normally they should be excluded from the analysis.

Just in case you might need it, an alignment file with 
sequence duplicates removed is printed to file /gpfs/accounts/esnitkin_root/esnitkin1/kgontjes/Project_Penn_KPC/Sequencing_data/variant_calling/2025-02-17_snpkit_Penn_KPC_ST258/output_files/2025_02_23_21_11_49_core_results/phylokit/results/gubbins/2025_02_23_21_11_49_KPNIH1_genome_aln_w_alt_allele_unmapped.iteration_3.tre.phylip.reduced


Using BFGS method to optimize GTR rate parameters, to disable this specify "--no-bfgs" 


This is the RAxML Master Pthread

This is RAxML Worker Pthread Number: 1

This is RAxML Worker Pthread Number: 2

This is RAxML Worker Pthread Number: 3

This is RAxML Worker Pthread Number: 4

This is RAxML Worker Pthread Number: 5

This is RAxML Worker Pthread Number: 6

This is RAxML Worker Pthread Number: 7

This is RAxML Worker Pthread Number: 8

This is RAxML Worker Pthread Number: 14

This is RAxML Worker Pthread Number: 9

This is RAxML Worker Pthread Number: 15

This is RAxML Worker Pthread Number: 10

This is RAxML Worker Pthread Number: 16

This is RAxML Worker Pthread Number: 11

This is RAxML Worker Pthread Number: 12

This is RAxML Worker Pthread Number: 13

This is RAxML Worker Pthread Number: 17


This is RAxML version 8.2.12 released by Alexandros Stamatakis on May 2018.

With greatly appreciated code contributions by:
Andre Aberer      (HITS)
Simon Berger      (HITS)
Alexey Kozlov     (HITS)
Kassian Kobert    (HITS)
David Dao         (KIT and HITS)
Sarah Lutteropp   (KIT and HITS)
Nick Pattengale   (Sandia)
Wayne Pfeiffer    (SDSC)
Akifumi S. Tanabe (NRIFS)
Charlie Taylor    (UF)


Alignment has 4513 distinct alignment patterns

Proportion of gaps and completely undetermined characters in this alignment: 1.22%

RAxML rapid hill-climbing mode

Using 1 distinct models/data partitions with joint branch length optimization


Executing 1 inferences on the original alignment using 1 user-specified trees

All free model parameters will be estimated by RAxML
GAMMA model of rate heterogeneity, ML estimate of alpha-parameter

GAMMA Model parameters will be estimated up to an accuracy of 0.1000000000 Log Likelihood units

Partition: 0
Alignment Patterns: 4513
Name: No Name Provided
DataType: DNA
Substitution Matrix: GTR




RAxML was called as follows:

raxmlHPC-PTHREADS-AVX2 -T 18 -safe -m GTRGAMMA -p 641 -f d -p 1 -s /gpfs/accounts/esnitkin_root/esnitkin1/kgontjes/Project_Penn_KPC/Sequencing_data/variant_calling/2025-02-17_snpkit_Penn_KPC_ST258/output_files/2025_02_23_21_11_49_core_results/phylokit/results/gubbins/2025_02_23_21_11_49_KPNIH1_genome_aln_w_alt_allele_unmapped.iteration_3.tre.phylip -n 2025_02_23_21_11_49_KPNIH1_genome_aln_w_alt_allele_unmapped.iteration_4 -t /gpfs/accounts/esnitkin_root/esnitkin1/kgontjes/Project_Penn_KPC/Sequencing_data/variant_calling/2025-02-17_snpkit_Penn_KPC_ST258/output_files/2025_02_23_21_11_49_core_results/phylokit/results/gubbins/2025_02_23_21_11_49_KPNIH1_genome_aln_w_alt_allele_unmapped.iteration_3.tre 


Partition: 0 with name: No Name Provided
Base frequencies: 0.228 0.272 0.277 0.223 


WARNING the alpha parameter with a value of 13.643939 estimated by RAxML for partition number 0 with the name "No Name Provided"
is larger than 10.000000. You should do a model test and confirm that you actually need to incorporate a model of rate heterogeneity!
You can run inferences with a plain substitution model (without rate heterogeneity) by specifyng the CAT model and the "-V" option!


WARNING the alpha parameter with a value of 29.777823 estimated by RAxML for partition number 0 with the name "No Name Provided"
is larger than 10.000000. You should do a model test and confirm that you actually need to incorporate a model of rate heterogeneity!
You can run inferences with a plain substitution model (without rate heterogeneity) by specifyng the CAT model and the "-V" option!


WARNING the alpha parameter with a value of 66.835103 estimated by RAxML for partition number 0 with the name "No Name Provided"
is larger than 10.000000. You should do a model test and confirm that you actually need to incorporate a model of rate heterogeneity!
You can run inferences with a plain substitution model (without rate heterogeneity) by specifyng the CAT model and the "-V" option!


WARNING the alpha parameter with a value of 142.930773 estimated by RAxML for partition number 0 with the name "No Name Provided"
is larger than 10.000000. You should do a model test and confirm that you actually need to incorporate a model of rate heterogeneity!
You can run inferences with a plain substitution model (without rate heterogeneity) by specifyng the CAT model and the "-V" option!


WARNING the alpha parameter with a value of 318.499549 estimated by RAxML for partition number 0 with the name "No Name Provided"
is larger than 10.000000. You should do a model test and confirm that you actually need to incorporate a model of rate heterogeneity!
You can run inferences with a plain substitution model (without rate heterogeneity) by specifyng the CAT model and the "-V" option!


WARNING the alpha parameter with a value of 723.735801 estimated by RAxML for partition number 0 with the name "No Name Provided"
is larger than 10.000000. You should do a model test and confirm that you actually need to incorporate a model of rate heterogeneity!
You can run inferences with a plain substitution model (without rate heterogeneity) by specifyng the CAT model and the "-V" option!


WARNING the alpha parameter with a value of 1000.000000 estimated by RAxML for partition number 0 with the name "No Name Provided"
is larger than 10.000000. You should do a model test and confirm that you actually need to incorporate a model of rate heterogeneity!
You can run inferences with a plain substitution model (without rate heterogeneity) by specifyng the CAT model and the "-V" option!


WARNING the alpha parameter with a value of 1000.000000 estimated by RAxML for partition number 0 with the name "No Name Provided"
is larger than 10.000000. You should do a model test and confirm that you actually need to incorporate a model of rate heterogeneity!
You can run inferences with a plain substitution model (without rate heterogeneity) by specifyng the CAT model and the "-V" option!

Inference[0]: Time 48.754614 GAMMA-based likelihood -114977.984470, best rearrangement setting 5


Conducting final model optimizations on all 1 trees under GAMMA-based models ....


WARNING the alpha parameter with a value of 1000.000000 estimated by RAxML for partition number 0 with the name "No Name Provided"
is larger than 10.000000. You should do a model test and confirm that you actually need to incorporate a model of rate heterogeneity!
You can run inferences with a plain substitution model (without rate heterogeneity) by specifyng the CAT model and the "-V" option!

Inference[0] final GAMMA-based Likelihood: -114977.983674 tree written to file /gpfs/accounts/esnitkin_root/esnitkin1/kgontjes/Project_Penn_KPC/Sequencing_data/variant_calling/2025-02-17_snpkit_Penn_KPC_ST258/output_files/2025_02_23_21_11_49_core_results/phylokit/results/gubbins/tmpgd051joh/RAxML_result.2025_02_23_21_11_49_KPNIH1_genome_aln_w_alt_allele_unmapped.iteration_4


Starting final GAMMA-based thorough Optimization on tree 0 likelihood -114977.983674 .... 

Final GAMMA-based Score of best tree -114977.983673

Program execution info written to /gpfs/accounts/esnitkin_root/esnitkin1/kgontjes/Project_Penn_KPC/Sequencing_data/variant_calling/2025-02-17_snpkit_Penn_KPC_ST258/output_files/2025_02_23_21_11_49_core_results/phylokit/results/gubbins/tmpgd051joh/RAxML_info.2025_02_23_21_11_49_KPNIH1_genome_aln_w_alt_allele_unmapped.iteration_4
Best-scoring ML tree written to: /gpfs/accounts/esnitkin_root/esnitkin1/kgontjes/Project_Penn_KPC/Sequencing_data/variant_calling/2025-02-17_snpkit_Penn_KPC_ST258/output_files/2025_02_23_21_11_49_core_results/phylokit/results/gubbins/tmpgd051joh/RAxML_bestTree.2025_02_23_21_11_49_KPNIH1_genome_aln_w_alt_allele_unmapped.iteration_4

Overall execution time: 77.319409 secs or 0.021478 hours or 0.000895 days

IQ-TREE multicore version 2.3.4 COVID-edition for Linux x86 64-bit built Jun 18 2024
Developed by Bui Quang Minh, James Barbetti, Nguyen Lam Tung, Olga Chernomor,
Heiko Schmidt, Dominik Schrempf, Michael Woodhams, Ly Trong Nhan, Thomas Wong

Host:    gl3060.arc-ts.umich.edu (AVX512, FMA3, 186 GB RAM)
Command: iqtree -nt 18 -safe -redo -m GTR+G4 -seed 9004 -s 2025_02_23_21_11_49_KPNIH1_genome_aln_w_alt_allele_unmapped.fa.snp_sites.aln -t /gpfs/accounts/esnitkin_root/esnitkin1/kgontjes/Project_Penn_KPC/Sequencing_data/variant_calling/2025-02-17_snpkit_Penn_KPC_ST258/output_files/2025_02_23_21_11_49_core_results/phylokit/results/gubbins/tmpgd051joh/2025_02_23_21_11_49_KPNIH1_genome_aln_w_alt_allele_unmapped.iteration_4.tre.rooted --prefix /gpfs/accounts/esnitkin_root/esnitkin1/kgontjes/Project_Penn_KPC/Sequencing_data/variant_calling/2025-02-17_snpkit_Penn_KPC_ST258/output_files/2025_02_23_21_11_49_core_results/phylokit/results/gubbins/tmpgd051joh/2025_02_23_21_11_49_KPNIH1_genome_aln_w_alt_allele_unmapped.iteration_4 -n 0 --mlrate -redo
Seed:    9004 (Using SPRNG - Scalable Parallel Random Number Generator)
Time:    Sun Feb 23 23:35:13 2025
Kernel:  Safe AVX+FMA - 18 threads (19 CPU cores detected)

Reading alignment file 2025_02_23_21_11_49_KPNIH1_genome_aln_w_alt_allele_unmapped.fa.snp_sites.aln ... Fasta format detected
Reading fasta file: done in 0.329222 secs using 66.7% CPU
Alignment most likely contains DNA/RNA sequences
Alignment has 415 sequences with 33421 columns, 5950 distinct patterns
4060 parsimony-informative, 29361 singleton sites, 0 constant sites
                             Gap/Ambiguity  Composition  p-value
Analyzing sequences: done in 0.00113539 secs using 1587% CPU
   1  gi|661922017|gb|CP008827.1|    0.00%    passed     98.23%
   2  PCMP_H100                      3.30%    passed     97.91%
   3  PCMP_H101                      0.43%    passed     99.90%
   4  PCMP_H103                      3.60%    passed     98.81%
   5  PCMP_H104                      2.27%    passed     93.97%
   6  PCMP_H105                      0.71%    passed     99.77%
   7  PCMP_H106                      0.72%    passed     99.05%
   8  PCMP_H107                      3.22%    passed     98.87%
   9  PCMP_H108                      0.58%    passed     99.79%
  10  PCMP_H109                      1.27%    passed     96.29%
  11  PCMP_H10                       0.68%    passed     98.73%
  12  PCMP_H110                      0.72%    passed     99.77%
  13  PCMP_H111                      3.21%    passed     96.99%
  14  PCMP_H112                      3.15%    passed     97.14%
  15  PCMP_H113                      0.82%    passed     98.87%
  16  PCMP_H115                      0.47%    passed     99.55%
  17  PCMP_H116                      2.81%    passed     97.67%
  18  PCMP_H117                      0.51%    passed     99.54%
  19  PCMP_H118                      2.68%    passed     99.66%
  20  PCMP_H119                      0.58%    passed     99.88%
  21  PCMP_H11                       0.67%    passed     99.39%
  22  PCMP_H120                      0.82%    passed     98.79%
  23  PCMP_H121                      0.58%    passed     99.81%
  24  PCMP_H122                      0.94%    passed     99.45%
  25  PCMP_H123                      2.11%    passed     96.91%
  26  PCMP_H124                      0.56%    passed     99.69%
  27  PCMP_H125                      3.05%    passed     93.23%
  28  PCMP_H12                       0.53%    passed     99.55%
  29  PCMP_H130                      3.76%    passed     91.20%
  30  PCMP_H131                      0.89%    passed     97.88%
  31  PCMP_H132                      0.48%    passed     99.88%
  32  PCMP_H133                      2.30%    passed     94.77%
  33  PCMP_H134                      1.07%    passed     96.70%
  34  PCMP_H135                      0.73%    passed     98.27%
  35  PCMP_H136                      0.57%    passed     99.34%
  36  PCMP_H137                      3.35%    passed     98.34%
  37  PCMP_H138                      2.15%    passed     97.50%
  38  PCMP_H13                       0.88%    passed     97.72%
  39  PCMP_H140                      2.38%    passed     96.81%
  40  PCMP_H141                      2.10%    passed     96.28%
  41  PCMP_H142                      2.18%    passed     96.29%
  42  PCMP_H143                      2.47%    passed     96.30%
  43  PCMP_H144                      1.26%    passed     99.97%
  44  PCMP_H145                      1.05%    passed     95.82%
  45  PCMP_H146                      1.10%    passed     99.17%
  46  PCMP_H147                      2.68%    passed     96.02%
  47  PCMP_H148                      3.26%    passed     97.16%
  48  PCMP_H149                      3.28%    passed     98.02%
  49  PCMP_H14                       2.98%    passed    100.00%
  50  PCMP_H150                      3.16%    passed     97.00%
  51  PCMP_H151                      2.83%    passed     99.90%
  52  PCMP_H152                      2.99%    passed     98.74%
  53  PCMP_H153                      2.90%    passed     98.66%
  54  PCMP_H154                      0.75%    passed     98.12%
  55  PCMP_H155                      2.29%    passed     96.10%
  56  PCMP_H156                      0.43%    passed     99.55%
  57  PCMP_H157                      3.11%    passed     96.61%
  58  PCMP_H158                      3.12%    passed     98.08%
  59  PCMP_H159                      1.04%    passed     97.10%
  60  PCMP_H15                       2.20%    passed     96.39%
  61  PCMP_H160                      0.91%    passed     98.85%
  62  PCMP_H161                      2.21%    passed     94.42%
  63  PCMP_H162                      3.28%    passed     97.61%
  64  PCMP_H163                      0.95%    passed     98.41%
  65  PCMP_H165                      0.56%    passed     99.99%
  66  PCMP_H166                      3.14%    passed     97.81%
  67  PCMP_H167                      3.23%    passed     99.46%
  68  PCMP_H168                      2.29%    passed     99.16%
  69  PCMP_H169                      0.60%    passed     99.87%
  70  PCMP_H16                       0.67%    passed     99.55%
  71  PCMP_H170                      3.17%    passed     96.20%
  72  PCMP_H171                      2.77%    passed     94.99%
  73  PCMP_H172                      3.28%    passed     98.30%
  74  PCMP_H173                      3.20%    passed     98.01%
  75  PCMP_H174                      3.17%    passed     98.05%
  76  PCMP_H175                      1.20%    passed     99.29%
  77  PCMP_H176                      0.74%    passed     98.86%
  78  PCMP_H177                      0.43%    passed     99.69%
  79  PCMP_H178                      0.71%    passed     99.63%
  80  PCMP_H179                      0.37%    passed     99.31%
  81  PCMP_H17                       0.55%    passed     99.92%
  82  PCMP_H181                      3.25%    passed     97.92%
  83  PCMP_H182                      0.60%    passed     99.60%
  84  PCMP_H183                      0.39%    passed     99.98%
  85  PCMP_H184                      1.02%    passed     98.63%
  86  PCMP_H186                      0.77%    passed     98.82%
  87  PCMP_H187                      3.38%    passed     94.66%
  88  PCMP_H18                       2.62%    passed     98.02%
  89  PCMP_H191                      3.36%    passed     98.93%
  90  PCMP_H192                      0.52%    passed     99.86%
  91  PCMP_H193                      3.20%    passed     98.22%
  92  PCMP_H194                      0.34%    passed     99.94%
  93  PCMP_H195                      2.17%    passed     95.45%
  94  PCMP_H196                      3.17%    passed     98.22%
  95  PCMP_H197                      0.72%    passed     99.47%
  96  PCMP_H198                      0.36%    passed     99.90%
  97  PCMP_H199                      0.84%    passed     99.73%
  98  PCMP_H19                       3.48%    passed     99.66%
  99  PCMP_H1                        0.56%    passed     99.81%
 100  PCMP_H200                      0.69%    passed     99.79%
 101  PCMP_H201                      3.23%    passed     98.79%
 102  PCMP_H202                      0.94%    passed     99.30%
 103  PCMP_H204                      0.58%    passed     99.05%
 104  PCMP_H205                      1.91%    passed     96.15%
 105  PCMP_H206                      0.31%    passed     99.85%
 106  PCMP_H207                      2.74%    passed     97.88%
 107  PCMP_H208                      3.13%    passed     97.62%
 108  PCMP_H209                      0.57%    passed     99.26%
 109  PCMP_H210                      2.20%    passed     98.98%
 110  PCMP_H211                      3.39%    passed     97.99%
 111  PCMP_H212                      2.94%    passed     99.91%
 112  PCMP_H213                      0.53%    passed     99.97%
 113  PCMP_H214                      0.79%    passed     99.05%
 114  PCMP_H215                      3.26%    passed     97.10%
 115  PCMP_H216                      0.83%    passed     99.54%
 116  PCMP_H218                      1.73%    passed     95.86%
 117  PCMP_H219                      0.37%    passed     99.93%
 118  PCMP_H21                       2.28%    passed     98.88%
 119  PCMP_H220                      3.25%    passed     97.44%
 120  PCMP_H221                      0.86%    passed     99.09%
 121  PCMP_H222                      1.15%    passed     98.58%
 122  PCMP_H223                      2.80%    passed     98.28%
 123  PCMP_H224                      3.11%    passed     97.31%
 124  PCMP_H225                      3.29%    passed     98.54%
 125  PCMP_H226                      0.38%    passed     99.93%
 126  PCMP_H227                      0.42%    passed     99.87%
 127  PCMP_H229                      1.92%    passed     96.14%
 128  PCMP_H22                       0.58%    passed     99.77%
 129  PCMP_H230                      2.33%    passed     95.87%
 130  PCMP_H231                      3.25%    passed     98.66%
 131  PCMP_H232                      2.23%    passed     95.76%
 132  PCMP_H233                      0.43%    passed     99.91%
 133  PCMP_H234                      2.65%    passed     95.83%
 134  PCMP_H235                      0.61%    passed     99.76%
 135  PCMP_H236                      1.80%    passed     96.95%
 136  PCMP_H237                      0.69%    passed     99.87%
 137  PCMP_H238                      1.86%    passed     96.01%
 138  PCMP_H239                      0.38%    passed     99.94%
 139  PCMP_H23                       3.10%    passed     96.81%
 140  PCMP_H240                      0.64%    passed     99.80%
 141  PCMP_H241                      1.25%    passed     99.95%
 142  PCMP_H242                      2.42%    passed     96.22%
 143  PCMP_H243                      3.48%    failed      0.04%
 144  PCMP_H246                      2.30%    passed     98.41%
 145  PCMP_H247                      0.41%    passed     99.93%
 146  PCMP_H249                      4.92%    passed     95.38%
 147  PCMP_H250                      2.82%    passed     99.33%
 148  PCMP_H251                      0.34%    passed     99.99%
 149  PCMP_H252                      1.10%    passed     98.59%
 150  PCMP_H253                      3.20%    passed     97.93%
 151  PCMP_H254                      3.28%    passed     97.07%
 152  PCMP_H255                      3.43%    passed     98.64%
 153  PCMP_H256                      1.13%    passed     98.18%
 154  PCMP_H257                      0.75%    passed     98.76%
 155  PCMP_H258                      3.01%    passed     95.70%
 156  PCMP_H259                      0.47%    passed     99.98%
 157  PCMP_H261                      3.35%    passed     98.74%
 158  PCMP_H262                      3.01%    passed     89.64%
 159  PCMP_H264                      0.57%    passed     99.91%
 160  PCMP_H265                      0.81%    passed     98.96%
 161  PCMP_H266                      1.07%    passed     98.99%
 162  PCMP_H267                      0.50%    passed     99.11%
 163  PCMP_H268                      0.47%    passed     99.10%
 164  PCMP_H269                      3.46%    passed     98.25%
 165  PCMP_H26                       1.20%    passed     96.07%
 166  PCMP_H270                      2.31%    passed     95.66%
 167  PCMP_H271                      2.28%    passed     95.09%
 168  PCMP_H272                      0.79%    passed     99.63%
 169  PCMP_H273                      1.09%    passed     95.49%
 170  PCMP_H274                      1.12%    passed     96.57%
 171  PCMP_H275                      0.58%    passed     99.82%
 172  PCMP_H276                      3.42%    passed     98.24%
 173  PCMP_H277                      0.72%    passed     99.11%
 174  PCMP_H278                      0.59%    passed     99.46%
 175  PCMP_H27                       0.57%    passed     99.81%
 176  PCMP_H280                      0.74%    passed     99.40%
 177  PCMP_H281                      2.13%    passed     96.47%
 178  PCMP_H282                      4.44%    passed     99.45%
 179  PCMP_H283                      0.64%    passed     99.19%
 180  PCMP_H284                      0.48%    passed     99.76%
 181  PCMP_H285                      3.00%    passed     95.15%
 182  PCMP_H286                      0.56%    passed     99.97%
 183  PCMP_H287                      2.71%    passed     96.45%
 184  PCMP_H288                      0.40%    passed     99.16%
 185  PCMP_H289                      1.07%    passed     98.16%
 186  PCMP_H290                      0.57%    passed     99.31%
 187  PCMP_H291                      3.29%    passed     97.96%
 188  PCMP_H292                      3.16%    passed     97.97%
 189  PCMP_H293                      4.20%    passed     99.17%
 190  PCMP_H294                      0.48%    passed     99.15%
 191  PCMP_H295                      0.59%    passed     99.89%
 192  PCMP_H296                      3.99%    passed     94.97%
 193  PCMP_H297                      2.66%    passed     95.79%
 194  PCMP_H299                      2.20%    passed     97.23%
 195  PCMP_H2                        3.05%    passed     99.76%
 196  PCMP_H300                      0.41%    passed     99.81%
 197  PCMP_H301                      3.17%    passed     98.19%
 198  PCMP_H302                      0.38%    passed     99.30%
 199  PCMP_H303                      3.06%    passed     96.20%
 200  PCMP_H305                      3.28%    passed     98.32%
 201  PCMP_H306                      0.89%    passed     97.38%
 202  PCMP_H307                      3.25%    passed     97.44%
 203  PCMP_H308                      4.46%    passed     99.78%
 204  PCMP_H309                      0.67%    passed     99.65%
 205  PCMP_H30                       3.01%    passed     97.04%
 206  PCMP_H311                      0.46%    passed     99.78%
 207  PCMP_H312                      0.45%    passed     99.72%
 208  PCMP_H313                      3.17%    passed     95.58%
 209  PCMP_H314                      3.12%    passed     98.58%
 210  PCMP_H315                      0.77%    passed     98.73%
 211  PCMP_H316                      2.25%    passed     94.47%
 212  PCMP_H317                      1.05%    passed     95.68%
 213  PCMP_H318                      4.91%    passed     96.04%
 214  PCMP_H319                      0.72%    passed     99.55%
 215  PCMP_H31                       0.56%    passed     99.66%
 216  PCMP_H320                      3.07%    passed     98.12%
 217  PCMP_H322                      0.37%    passed     99.87%
 218  PCMP_H323                      3.17%    passed     96.21%
 219  PCMP_H325                      0.71%    passed     86.75%
 220  PCMP_H326                      1.61%    passed     99.71%
 221  PCMP_H327                      2.25%    passed     97.88%
 222  PCMP_H328                      0.56%    passed     99.54%
 223  PCMP_H329                      0.49%    passed     99.00%
 224  PCMP_H32                       3.20%    passed     96.81%
 225  PCMP_H330                      1.10%    passed     99.32%
 226  PCMP_H331                      0.56%    passed     99.91%
 227  PCMP_H332                      0.48%    passed     99.04%
 228  PCMP_H335                      3.19%    passed     97.50%
 229  PCMP_H337                      3.53%    passed     98.93%
 230  PCMP_H338                      0.50%    passed     99.36%
 231  PCMP_H339                      0.52%    passed     99.75%
 232  PCMP_H33                       0.59%    passed     99.75%
 233  PCMP_H340                      0.72%    passed     99.47%
 234  PCMP_H342                      4.12%    passed     99.53%
 235  PCMP_H343                      0.70%    passed     99.57%
 236  PCMP_H345                      3.24%    passed     96.51%
 237  PCMP_H346                      1.29%    passed     99.28%
 238  PCMP_H347                      0.52%    passed     98.60%
 239  PCMP_H348                      1.23%    passed     98.83%
 240  PCMP_H349                      3.89%    passed     99.50%
 241  PCMP_H34                       2.08%    passed     96.97%
 242  PCMP_H350                      3.20%    passed     98.98%
 243  PCMP_H351                      0.40%    passed     99.39%
 244  PCMP_H353                      2.13%    passed     92.93%
 245  PCMP_H354                      2.00%    passed     97.87%
 246  PCMP_H355                      0.83%    passed     99.26%
 247  PCMP_H356                      0.71%    passed     99.32%
 248  PCMP_H357                      1.13%    passed     99.27%
 249  PCMP_H359                      3.14%    passed     98.57%
 250  PCMP_H35                       0.40%    passed     99.23%
 251  PCMP_H360                      3.26%    passed     97.80%
 252  PCMP_H361                      2.52%    passed     93.93%
 253  PCMP_H362                      0.86%    passed     98.81%
 254  PCMP_H365                      2.13%    passed     97.39%
 255  PCMP_H367                      2.06%    passed     98.77%
 256  PCMP_H36                       1.51%    passed     95.45%
 257  PCMP_H370                      1.26%    passed     98.67%
 258  PCMP_H371                      0.37%    passed     99.43%
 259  PCMP_H372                      3.32%    passed     98.51%
 260  PCMP_H373                      0.62%    passed     99.75%
 261  PCMP_H374                      0.55%    passed     99.88%
 262  PCMP_H375                      1.28%    passed     99.09%
 263  PCMP_H376                      2.23%    passed     98.71%
 264  PCMP_H377                      3.36%    passed     98.42%
 265  PCMP_H378                      1.05%    passed     98.41%
 266  PCMP_H379                      0.40%    passed     99.82%
 267  PCMP_H37                       4.07%    passed     99.64%
 268  PCMP_H380                      0.58%    passed     99.17%
 269  PCMP_H381                      0.57%    passed     99.68%
 270  PCMP_H382                      0.57%    passed     99.74%
 271  PCMP_H383                      2.75%    passed     96.16%
 272  PCMP_H384                      2.69%    passed     99.00%
 273  PCMP_H385                      0.52%    passed     99.94%
 274  PCMP_H386                      3.24%    passed     97.57%
 275  PCMP_H387                      0.50%    passed     99.98%
 276  PCMP_H388                      2.72%    passed     97.79%
 277  PCMP_H389                      0.64%    passed     99.84%
 278  PCMP_H38                       1.17%    passed     99.24%
 279  PCMP_H390                      3.37%    passed     98.58%
 280  PCMP_H391                      3.15%    passed     97.21%
 281  PCMP_H392                      2.20%    passed     98.36%
 282  PCMP_H393                      0.57%    passed     99.20%
 283  PCMP_H394                      1.22%    passed     98.43%
 284  PCMP_H395                      0.56%    passed     99.55%
 285  PCMP_H396                      3.23%    passed     97.45%
 286  PCMP_H397                      0.44%    passed     99.28%
 287  PCMP_H398                      0.99%    passed     99.00%
 288  PCMP_H399                      2.00%    passed     95.63%
 289  PCMP_H39                       0.59%    passed     99.69%
 290  PCMP_H3                        0.25%    passed     99.88%
 291  PCMP_H400                      3.44%    passed     93.41%
 292  PCMP_H401                      3.45%    passed     98.22%
 293  PCMP_H402                      0.58%    passed     99.79%
 294  PCMP_H404                      0.60%    passed     99.84%
 295  PCMP_H405                      1.70%    passed     99.15%
 296  PCMP_H406                      0.62%    passed     99.89%
 297  PCMP_H407                      4.12%    passed     98.49%
 298  PCMP_H408                      3.30%    passed     96.54%
 299  PCMP_H409                      0.32%    passed     99.95%
 300  PCMP_H40                       2.78%    passed     96.83%
 301  PCMP_H410                      1.39%    passed     98.58%
 302  PCMP_H411                      0.75%    passed     84.82%
 303  PCMP_H412                      3.43%    passed     98.41%
 304  PCMP_H413                      3.23%    passed     98.55%
 305  PCMP_H414                      3.40%    passed     98.53%
 306  PCMP_H415                      3.15%    passed     98.33%
 307  PCMP_H416                      4.40%    passed     98.93%
 308  PCMP_H417                      0.45%    passed     99.57%
 309  PCMP_H418                      0.57%    passed     99.41%
 310  PCMP_H41                       0.57%    passed     98.30%
 311  PCMP_H420                      0.88%    passed     97.92%
 312  PCMP_H421                      0.61%    passed     99.82%
 313  PCMP_H422                      0.77%    passed     99.02%
 314  PCMP_H423                      3.45%    passed     92.04%
 315  PCMP_H424                      1.02%    passed     98.73%
 316  PCMP_H425                      1.24%    passed     98.76%
 317  PCMP_H426                      3.20%    passed     96.42%
 318  PCMP_H427                      0.44%    passed     99.92%
 319  PCMP_H428                      3.19%    passed     98.08%
 320  PCMP_H429                      3.12%    passed     97.52%
 321  PCMP_H42                       0.66%    passed     98.15%
 322  PCMP_H430                      2.85%    passed     97.69%
 323  PCMP_H431                      1.02%    passed     98.98%
 324  PCMP_H432                      1.15%    passed     98.99%
 325  PCMP_H433                      1.69%    passed     99.27%
 326  PCMP_H434                      0.75%    passed     99.56%
 327  PCMP_H436                      0.71%    passed     99.15%
 328  PCMP_H437                      0.70%    passed     99.56%
 329  PCMP_H438                      0.57%    passed     99.59%
 330  PCMP_H439                      0.81%    passed     99.53%
 331  PCMP_H43                       2.10%    passed     99.40%
 332  PCMP_H440                      2.88%    passed     92.71%
 333  PCMP_H441                      2.18%    passed     98.27%
 334  PCMP_H442                      2.27%    passed     96.94%
 335  PCMP_H443                      1.21%    passed     98.51%
 336  PCMP_H444                      3.22%    passed     98.50%
 337  PCMP_H445                      0.56%    passed     99.44%
 338  PCMP_H446                      3.11%    passed     97.23%
 339  PCMP_H447                      3.25%    passed     96.31%
 340  PCMP_H448                      2.00%    passed     95.76%
 341  PCMP_H44                       1.08%    passed     97.07%
 342  PCMP_H450                      4.11%    passed     97.91%
 343  PCMP_H453                      2.51%    passed     95.56%
 344  PCMP_H454                      0.97%    passed     96.40%
 345  PCMP_H455                      0.89%    passed     97.59%
 346  PCMP_H456                      0.82%    passed     98.56%
 347  PCMP_H457                      0.67%    passed     99.80%
 348  PCMP_H458                      0.94%    passed     99.30%
 349  PCMP_H459                      2.89%    passed     93.59%
 350  PCMP_H460                      0.45%    passed     99.76%
 351  PCMP_H461                      0.42%    passed     99.83%
 352  PCMP_H462                      3.26%    passed     96.89%
 353  PCMP_H464                      3.19%    passed     97.51%
 354  PCMP_H465                      0.97%    passed     96.73%
 355  PCMP_H466                      0.17%    passed     99.88%
 356  PCMP_H467                      3.07%    passed     96.63%
 357  PCMP_H468                      0.64%    passed     99.83%
 358  PCMP_H469                      3.25%    passed     98.54%
 359  PCMP_H46                       0.49%    passed     99.82%
 360  PCMP_H470                      0.44%    passed     99.64%
 361  PCMP_H471                      1.05%    passed     99.85%
 362  PCMP_H473                      3.29%    passed     97.41%
 363  PCMP_H474                      0.36%    passed     99.41%
 364  PCMP_H475                      1.17%    passed     98.52%
 365  PCMP_H477                      0.76%    passed     98.56%
 366  PCMP_H478                      0.54%    passed     99.98%
 367  PCMP_H479                      3.36%    passed     93.58%
 368  PCMP_H480                      0.53%    passed     99.63%
 369  PCMP_H481                      0.69%    passed     99.45%
 370  PCMP_H482                      0.60%    passed     99.84%
 371  PCMP_H48                       0.55%    passed     99.58%
 372  PCMP_H49                       0.57%    passed     99.44%
 373  PCMP_H4                        0.97%    passed     98.95%
 374  PCMP_H52                       2.54%    passed     99.43%
 375  PCMP_H54                       1.43%    passed     97.53%
 376  PCMP_H56                       2.28%    passed     98.26%
 377  PCMP_H59                       0.59%    passed     99.29%
 378  PCMP_H5                        1.44%    passed     98.20%
 379  PCMP_H60                       0.92%    passed     99.87%
 380  PCMP_H61                       0.69%    passed     98.29%
 381  PCMP_H65                       0.46%    passed     99.60%
 382  PCMP_H66                       0.29%    passed     99.90%
 383  PCMP_H68                       3.49%    passed     99.09%
 384  PCMP_H69                       3.19%    passed     98.34%
 385  PCMP_H70                       0.57%    passed     99.30%
 386  PCMP_H71                       2.73%    passed     97.19%
 387  PCMP_H72                       0.59%    passed     99.83%
 388  PCMP_H73                       4.42%    passed     99.88%
 389  PCMP_H74                       3.14%    passed     97.16%
 390  PCMP_H75                       0.43%    passed     99.72%
 391  PCMP_H76                       2.78%    passed     90.78%
 392  PCMP_H77                       3.52%    passed     98.01%
 393  PCMP_H78                       3.25%    passed     97.49%
 394  PCMP_H79                       0.57%    passed     99.39%
 395  PCMP_H7                        1.10%    passed     98.47%
 396  PCMP_H81                       3.32%    passed     99.27%
 397  PCMP_H82                       0.43%    passed     99.72%
 398  PCMP_H83                       0.45%    passed     99.13%
 399  PCMP_H84                       3.35%    passed     98.52%
 400  PCMP_H85                       1.38%    passed     98.25%
 401  PCMP_H86                       0.42%    passed     99.36%
 402  PCMP_H87                       3.10%    passed     98.01%
 403  PCMP_H88                       3.33%    passed     97.74%
 404  PCMP_H89                       0.60%    passed     99.73%
 405  PCMP_H8                        2.95%    passed     96.39%
 406  PCMP_H90                       0.36%    passed     99.62%
 407  PCMP_H91                       0.80%    passed     99.88%
 408  PCMP_H93                       2.23%    passed     96.40%
 409  PCMP_H94                       0.38%    passed     99.91%
 410  PCMP_H95                       2.76%    passed     94.53%
 411  PCMP_H96                       3.11%    passed     96.04%
 412  PCMP_H97                       4.30%    passed     99.88%
 413  PCMP_H98                       3.12%    passed     98.74%
 414  PCMP_H99                       0.36%    passed     99.70%
 415  PCMP_H9                        1.88%    passed     97.45%
****  TOTAL                          1.76%  1 sequences failed composition chi2 test (p-value<5%; df=3)
Reading input tree file /gpfs/accounts/esnitkin_root/esnitkin1/kgontjes/Project_Penn_KPC/Sequencing_data/variant_calling/2025-02-17_snpkit_Penn_KPC_ST258/output_files/2025_02_23_21_11_49_core_results/phylokit/results/gubbins/tmpgd051joh/2025_02_23_21_11_49_KPNIH1_genome_aln_w_alt_allele_unmapped.iteration_4.tre.rooted ... rooted tree

NOTE: 320 MB RAM (0 GB) is required!
Estimate model parameters (epsilon = 0.010)
1. Initial log-likelihood: -182267.065
2. Current log-likelihood: -163406.221
3. Current log-likelihood: -163349.903
4. Current log-likelihood: -163296.593
5. Current log-likelihood: -163188.919
6. Current log-likelihood: -162985.961
7. Current log-likelihood: -162687.445
8. Current log-likelihood: -162397.220
9. Current log-likelihood: -162234.941
10. Current log-likelihood: -162181.604
11. Current log-likelihood: -162169.424
12. Current log-likelihood: -162167.963
13. Current log-likelihood: -162167.715
Optimal log-likelihood: -162167.704
Rate parameters:  A-C: 1.00066  A-G: 5.80899  A-T: 0.94104  C-G: 0.42655  C-T: 5.70927  G-T: 1.00000
Base frequencies:  A: 0.227  C: 0.274  G: 0.277  T: 0.222
Gamma shape alpha: 35.362
Parameters optimization took 13 rounds (23.278 sec)
Wrote distance file to... 
BEST SCORE FOUND : -162167.704
Site rates printed to /gpfs/accounts/esnitkin_root/esnitkin1/kgontjes/Project_Penn_KPC/Sequencing_data/variant_calling/2025-02-17_snpkit_Penn_KPC_ST258/output_files/2025_02_23_21_11_49_core_results/phylokit/results/gubbins/tmpgd051joh/2025_02_23_21_11_49_KPNIH1_genome_aln_w_alt_allele_unmapped.iteration_4.mlrate
Total tree length: 2.505

Total number of iterations: 0
CPU time used for tree search: 0.000 sec (0h:0m:0s)
Wall-clock time used for tree search: 0.000 sec (0h:0m:0s)
Total CPU time used: 468.008 sec (0h:7m:48s)
Total wall-clock time used: 27.237 sec (0h:0m:27s)

Analysis results written to: 
  IQ-TREE report:                /gpfs/accounts/esnitkin_root/esnitkin1/kgontjes/Project_Penn_KPC/Sequencing_data/variant_calling/2025-02-17_snpkit_Penn_KPC_ST258/output_files/2025_02_23_21_11_49_core_results/phylokit/results/gubbins/tmpgd051joh/2025_02_23_21_11_49_KPNIH1_genome_aln_w_alt_allele_unmapped.iteration_4.iqtree
  Maximum-likelihood tree:       /gpfs/accounts/esnitkin_root/esnitkin1/kgontjes/Project_Penn_KPC/Sequencing_data/variant_calling/2025-02-17_snpkit_Penn_KPC_ST258/output_files/2025_02_23_21_11_49_core_results/phylokit/results/gubbins/tmpgd051joh/2025_02_23_21_11_49_KPNIH1_genome_aln_w_alt_allele_unmapped.iteration_4.treefile
  Site-specific rates:           /gpfs/accounts/esnitkin_root/esnitkin1/kgontjes/Project_Penn_KPC/Sequencing_data/variant_calling/2025-02-17_snpkit_Penn_KPC_ST258/output_files/2025_02_23_21_11_49_core_results/phylokit/results/gubbins/tmpgd051joh/2025_02_23_21_11_49_KPNIH1_genome_aln_w_alt_allele_unmapped.iteration_4.rate
  Screen log file:               /gpfs/accounts/esnitkin_root/esnitkin1/kgontjes/Project_Penn_KPC/Sequencing_data/variant_calling/2025-02-17_snpkit_Penn_KPC_ST258/output_files/2025_02_23_21_11_49_core_results/phylokit/results/gubbins/tmpgd051joh/2025_02_23_21_11_49_KPNIH1_genome_aln_w_alt_allele_unmapped.iteration_4.log

Date and Time: Sun Feb 23 23:35:41 2025
Printing alignment with internal node sequences:  /gpfs/accounts/esnitkin_root/esnitkin1/kgontjes/Project_Penn_KPC/Sequencing_data/variant_calling/2025-02-17_snpkit_Penn_KPC_ST258/output_files/2025_02_23_21_11_49_core_results/phylokit/results/gubbins/tmpgd051joh/2025_02_23_21_11_49_KPNIH1_genome_aln_w_alt_allele_unmapped.iteration_3.internal.joint.aln
Printing tree with internal nodes labelled:  /gpfs/accounts/esnitkin_root/esnitkin1/kgontjes/Project_Penn_KPC/Sequencing_data/variant_calling/2025-02-17_snpkit_Penn_KPC_ST258/output_files/2025_02_23_21_11_49_core_results/phylokit/results/gubbins/tmpgd051joh/2025_02_23_21_11_49_KPNIH1_genome_aln_w_alt_allele_unmapped.iteration_3.internal.joint.tre
Done
Time for JAR preparation:	0.8746312519999719
Time for JAR calculation:	152.01555248699998

Transferring pyjar results onto original recombination-corrected tree

Done transfer
...done. Run time: 1253.04 s

Running Gubbins to detect recombinations...
gubbins -r -v 2025_02_23_21_11_49_KPNIH1_genome_aln_w_alt_allele_unmapped.fa.gaps.vcf -a 100 -b 10000 -f /gpfs/accounts/esnitkin_root/esnitkin1/kgontjes/Project_Penn_KPC/Sequencing_data/variant_calling/2025-02-17_snpkit_Penn_KPC_ST258/output_files/2025_02_23_21_11_49_core_results/phylokit/results/gubbins/tmpgd051joh/2025_02_23_21_11_49_KPNIH1_genome_aln_w_alt_allele_unmapped.fa -t 2025_02_23_21_11_49_KPNIH1_genome_aln_w_alt_allele_unmapped.iteration_3.tre -m 3 -p 0.05 -i 1.0 /gpfs/accounts/esnitkin_root/esnitkin1/kgontjes/Project_Penn_KPC/Sequencing_data/variant_calling/2025-02-17_snpkit_Penn_KPC_ST258/output_files/2025_02_23_21_11_49_core_results/phylokit/results/gubbins/tmpgd051joh/2025_02_23_21_11_49_KPNIH1_genome_aln_w_alt_allele_unmapped.iteration_3.internal.joint.aln
...done. Run time: 1300.41 s

Checking for convergence...
...done. Run time: 1300.55 s

*** Iteration 4 ***

Constructing the phylogenetic tree with raxmlHPC-PTHREADS-AVX2...
raxmlHPC-PTHREADS-AVX2 -T 18 -safe -m GTRGAMMA -p 641 -f d -p 1 -s /gpfs/accounts/esnitkin_root/esnitkin1/kgontjes/Project_Penn_KPC/Sequencing_data/variant_calling/2025-02-17_snpkit_Penn_KPC_ST258/output_files/2025_02_23_21_11_49_core_results/phylokit/results/gubbins/2025_02_23_21_11_49_KPNIH1_genome_aln_w_alt_allele_unmapped.iteration_3.tre.phylip -n 2025_02_23_21_11_49_KPNIH1_genome_aln_w_alt_allele_unmapped.iteration_4 -t /gpfs/accounts/esnitkin_root/esnitkin1/kgontjes/Project_Penn_KPC/Sequencing_data/variant_calling/2025-02-17_snpkit_Penn_KPC_ST258/output_files/2025_02_23_21_11_49_core_results/phylokit/results/gubbins/2025_02_23_21_11_49_KPNIH1_genome_aln_w_alt_allele_unmapped.iteration_3.tre
...done. Run time: 1377.92 s
Edge length is: 2.1748935474377493

Reconstructing ancestral sequences with pyjar...

Fitting substitution model to tree...
iqtree -nt 18 -safe -redo -m GTR+G4 -seed 9004 -s 2025_02_23_21_11_49_KPNIH1_genome_aln_w_alt_allele_unmapped.fa.snp_sites.aln -t /gpfs/accounts/esnitkin_root/esnitkin1/kgontjes/Project_Penn_KPC/Sequencing_data/variant_calling/2025-02-17_snpkit_Penn_KPC_ST258/output_files/2025_02_23_21_11_49_core_results/phylokit/results/gubbins/tmpgd051joh/2025_02_23_21_11_49_KPNIH1_genome_aln_w_alt_allele_unmapped.iteration_4.tre.rooted --prefix /gpfs/accounts/esnitkin_root/esnitkin1/kgontjes/Project_Penn_KPC/Sequencing_data/variant_calling/2025-02-17_snpkit_Penn_KPC_ST258/output_files/2025_02_23_21_11_49_core_results/phylokit/results/gubbins/tmpgd051joh/2025_02_23_21_11_49_KPNIH1_genome_aln_w_alt_allele_unmapped.iteration_4  -n 0 --mlrate -redo

Running joint ancestral reconstruction with pyjar
Reading tree file: /gpfs/accounts/esnitkin_root/esnitkin1/kgontjes/Project_Penn_KPC/Sequencing_data/variant_calling/2025-02-17_snpkit_Penn_KPC_ST258/output_files/2025_02_23_21_11_49_core_results/phylokit/results/gubbins/tmpgd051joh/2025_02_23_21_11_49_KPNIH1_genome_aln_w_alt_allele_unmapped.iteration_4.treefile
Reading info file: /gpfs/accounts/esnitkin_root/esnitkin1/kgontjes/Project_Penn_KPC/Sequencing_data/variant_calling/2025-02-17_snpkit_Penn_KPC_ST258/output_files/2025_02_23_21_11_49_core_results/phylokit/results/gubbins/tmpgd051joh/2025_02_23_21_11_49_KPNIH1_genome_aln_w_alt_allele_unmapped.iteration_4.log
Frequencies: 0.227, 0.274, 0.277, 0.222
Rates: 1.00066, 5.80899, 0.94104, 0.42655, 5.70927, 1.0
Reconstructing sites on tree


IMPORTANT WARNING: Sequences PCMP_H213 and PCMP_H387 are exactly identical


IMPORTANT WARNING: Sequences PCMP_H302 and PCMP_H329 are exactly identical

IMPORTANT WARNING
Found 2 sequences that are exactly identical to other sequences in the alignment.
Normally they should be excluded from the analysis.

Just in case you might need it, an alignment file with 
sequence duplicates removed is printed to file /gpfs/accounts/esnitkin_root/esnitkin1/kgontjes/Project_Penn_KPC/Sequencing_data/variant_calling/2025-02-17_snpkit_Penn_KPC_ST258/output_files/2025_02_23_21_11_49_core_results/phylokit/results/gubbins/2025_02_23_21_11_49_KPNIH1_genome_aln_w_alt_allele_unmapped.iteration_4.tre.phylip.reduced


Using BFGS method to optimize GTR rate parameters, to disable this specify "--no-bfgs" 


This is the RAxML Master Pthread

This is RAxML Worker Pthread Number: 1

This is RAxML Worker Pthread Number: 2

This is RAxML Worker Pthread Number: 3

This is RAxML Worker Pthread Number: 4

This is RAxML Worker Pthread Number: 6

This is RAxML Worker Pthread Number: 5

This is RAxML Worker Pthread Number: 15

This is RAxML Worker Pthread Number: 12

This is RAxML Worker Pthread Number: 9

This is RAxML Worker Pthread Number: 8

This is RAxML Worker Pthread Number: 16

This is RAxML Worker Pthread Number: 7

This is RAxML Worker Pthread Number: 13

This is RAxML Worker Pthread Number: 11

This is RAxML Worker Pthread Number: 14

This is RAxML Worker Pthread Number: 10

This is RAxML Worker Pthread Number: 17


This is RAxML version 8.2.12 released by Alexandros Stamatakis on May 2018.

With greatly appreciated code contributions by:
Andre Aberer      (HITS)
Simon Berger      (HITS)
Alexey Kozlov     (HITS)
Kassian Kobert    (HITS)
David Dao         (KIT and HITS)
Sarah Lutteropp   (KIT and HITS)
Nick Pattengale   (Sandia)
Wayne Pfeiffer    (SDSC)
Akifumi S. Tanabe (NRIFS)
Charlie Taylor    (UF)


Alignment has 4510 distinct alignment patterns

Proportion of gaps and completely undetermined characters in this alignment: 1.21%

RAxML rapid hill-climbing mode

Using 1 distinct models/data partitions with joint branch length optimization


Executing 1 inferences on the original alignment using 1 user-specified trees

All free model parameters will be estimated by RAxML
GAMMA model of rate heterogeneity, ML estimate of alpha-parameter

GAMMA Model parameters will be estimated up to an accuracy of 0.1000000000 Log Likelihood units

Partition: 0
Alignment Patterns: 4510
Name: No Name Provided
DataType: DNA
Substitution Matrix: GTR




RAxML was called as follows:

raxmlHPC-PTHREADS-AVX2 -T 18 -safe -m GTRGAMMA -p 641 -f d -p 1 -s /gpfs/accounts/esnitkin_root/esnitkin1/kgontjes/Project_Penn_KPC/Sequencing_data/variant_calling/2025-02-17_snpkit_Penn_KPC_ST258/output_files/2025_02_23_21_11_49_core_results/phylokit/results/gubbins/2025_02_23_21_11_49_KPNIH1_genome_aln_w_alt_allele_unmapped.iteration_4.tre.phylip -n 2025_02_23_21_11_49_KPNIH1_genome_aln_w_alt_allele_unmapped.iteration_5 -t /gpfs/accounts/esnitkin_root/esnitkin1/kgontjes/Project_Penn_KPC/Sequencing_data/variant_calling/2025-02-17_snpkit_Penn_KPC_ST258/output_files/2025_02_23_21_11_49_core_results/phylokit/results/gubbins/2025_02_23_21_11_49_KPNIH1_genome_aln_w_alt_allele_unmapped.iteration_4.tre 


Partition: 0 with name: No Name Provided
Base frequencies: 0.228 0.272 0.277 0.223 


WARNING the alpha parameter with a value of 11.645009 estimated by RAxML for partition number 0 with the name "No Name Provided"
is larger than 10.000000. You should do a model test and confirm that you actually need to incorporate a model of rate heterogeneity!
You can run inferences with a plain substitution model (without rate heterogeneity) by specifyng the CAT model and the "-V" option!


WARNING the alpha parameter with a value of 25.203939 estimated by RAxML for partition number 0 with the name "No Name Provided"
is larger than 10.000000. You should do a model test and confirm that you actually need to incorporate a model of rate heterogeneity!
You can run inferences with a plain substitution model (without rate heterogeneity) by specifyng the CAT model and the "-V" option!


WARNING the alpha parameter with a value of 56.318888 estimated by RAxML for partition number 0 with the name "No Name Provided"
is larger than 10.000000. You should do a model test and confirm that you actually need to incorporate a model of rate heterogeneity!
You can run inferences with a plain substitution model (without rate heterogeneity) by specifyng the CAT model and the "-V" option!


WARNING the alpha parameter with a value of 127.937025 estimated by RAxML for partition number 0 with the name "No Name Provided"
is larger than 10.000000. You should do a model test and confirm that you actually need to incorporate a model of rate heterogeneity!
You can run inferences with a plain substitution model (without rate heterogeneity) by specifyng the CAT model and the "-V" option!


WARNING the alpha parameter with a value of 283.857133 estimated by RAxML for partition number 0 with the name "No Name Provided"
is larger than 10.000000. You should do a model test and confirm that you actually need to incorporate a model of rate heterogeneity!
You can run inferences with a plain substitution model (without rate heterogeneity) by specifyng the CAT model and the "-V" option!


WARNING the alpha parameter with a value of 643.762187 estimated by RAxML for partition number 0 with the name "No Name Provided"
is larger than 10.000000. You should do a model test and confirm that you actually need to incorporate a model of rate heterogeneity!
You can run inferences with a plain substitution model (without rate heterogeneity) by specifyng the CAT model and the "-V" option!


WARNING the alpha parameter with a value of 999.853725 estimated by RAxML for partition number 0 with the name "No Name Provided"
is larger than 10.000000. You should do a model test and confirm that you actually need to incorporate a model of rate heterogeneity!
You can run inferences with a plain substitution model (without rate heterogeneity) by specifyng the CAT model and the "-V" option!


WARNING the alpha parameter with a value of 1000.000000 estimated by RAxML for partition number 0 with the name "No Name Provided"
is larger than 10.000000. You should do a model test and confirm that you actually need to incorporate a model of rate heterogeneity!
You can run inferences with a plain substitution model (without rate heterogeneity) by specifyng the CAT model and the "-V" option!

Inference[0]: Time 43.576437 GAMMA-based likelihood -114938.651627, best rearrangement setting 5


Conducting final model optimizations on all 1 trees under GAMMA-based models ....


WARNING the alpha parameter with a value of 1000.000000 estimated by RAxML for partition number 0 with the name "No Name Provided"
is larger than 10.000000. You should do a model test and confirm that you actually need to incorporate a model of rate heterogeneity!
You can run inferences with a plain substitution model (without rate heterogeneity) by specifyng the CAT model and the "-V" option!

Inference[0] final GAMMA-based Likelihood: -114938.651124 tree written to file /gpfs/accounts/esnitkin_root/esnitkin1/kgontjes/Project_Penn_KPC/Sequencing_data/variant_calling/2025-02-17_snpkit_Penn_KPC_ST258/output_files/2025_02_23_21_11_49_core_results/phylokit/results/gubbins/tmpgd051joh/RAxML_result.2025_02_23_21_11_49_KPNIH1_genome_aln_w_alt_allele_unmapped.iteration_5


Starting final GAMMA-based thorough Optimization on tree 0 likelihood -114938.651124 .... 

Final GAMMA-based Score of best tree -114938.651107

Program execution info written to /gpfs/accounts/esnitkin_root/esnitkin1/kgontjes/Project_Penn_KPC/Sequencing_data/variant_calling/2025-02-17_snpkit_Penn_KPC_ST258/output_files/2025_02_23_21_11_49_core_results/phylokit/results/gubbins/tmpgd051joh/RAxML_info.2025_02_23_21_11_49_KPNIH1_genome_aln_w_alt_allele_unmapped.iteration_5
Best-scoring ML tree written to: /gpfs/accounts/esnitkin_root/esnitkin1/kgontjes/Project_Penn_KPC/Sequencing_data/variant_calling/2025-02-17_snpkit_Penn_KPC_ST258/output_files/2025_02_23_21_11_49_core_results/phylokit/results/gubbins/tmpgd051joh/RAxML_bestTree.2025_02_23_21_11_49_KPNIH1_genome_aln_w_alt_allele_unmapped.iteration_5

Overall execution time: 72.515066 secs or 0.020143 hours or 0.000839 days

IQ-TREE multicore version 2.3.4 COVID-edition for Linux x86 64-bit built Jun 18 2024
Developed by Bui Quang Minh, James Barbetti, Nguyen Lam Tung, Olga Chernomor,
Heiko Schmidt, Dominik Schrempf, Michael Woodhams, Ly Trong Nhan, Thomas Wong

Host:    gl3060.arc-ts.umich.edu (AVX512, FMA3, 186 GB RAM)
Command: iqtree -nt 18 -safe -redo -m GTR+G4 -seed 9004 -s 2025_02_23_21_11_49_KPNIH1_genome_aln_w_alt_allele_unmapped.fa.snp_sites.aln -t /gpfs/accounts/esnitkin_root/esnitkin1/kgontjes/Project_Penn_KPC/Sequencing_data/variant_calling/2025-02-17_snpkit_Penn_KPC_ST258/output_files/2025_02_23_21_11_49_core_results/phylokit/results/gubbins/tmpgd051joh/2025_02_23_21_11_49_KPNIH1_genome_aln_w_alt_allele_unmapped.iteration_5.tre.rooted --prefix /gpfs/accounts/esnitkin_root/esnitkin1/kgontjes/Project_Penn_KPC/Sequencing_data/variant_calling/2025-02-17_snpkit_Penn_KPC_ST258/output_files/2025_02_23_21_11_49_core_results/phylokit/results/gubbins/tmpgd051joh/2025_02_23_21_11_49_KPNIH1_genome_aln_w_alt_allele_unmapped.iteration_5 -n 0 --mlrate -redo
Seed:    9004 (Using SPRNG - Scalable Parallel Random Number Generator)
Time:    Sun Feb 23 23:40:18 2025
Kernel:  Safe AVX+FMA - 18 threads (19 CPU cores detected)

Reading alignment file 2025_02_23_21_11_49_KPNIH1_genome_aln_w_alt_allele_unmapped.fa.snp_sites.aln ... Fasta format detected
Reading fasta file: done in 0.315206 secs using 72.6% CPU
Alignment most likely contains DNA/RNA sequences
Alignment has 415 sequences with 33421 columns, 5950 distinct patterns
4060 parsimony-informative, 29361 singleton sites, 0 constant sites
                             Gap/Ambiguity  Composition  p-value
Analyzing sequences: done in 0.00109254 secs using 1732% CPU
   1  gi|661922017|gb|CP008827.1|    0.00%    passed     98.23%
   2  PCMP_H100                      3.30%    passed     97.91%
   3  PCMP_H101                      0.43%    passed     99.90%
   4  PCMP_H103                      3.60%    passed     98.81%
   5  PCMP_H104                      2.27%    passed     93.97%
   6  PCMP_H105                      0.71%    passed     99.77%
   7  PCMP_H106                      0.72%    passed     99.05%
   8  PCMP_H107                      3.22%    passed     98.87%
   9  PCMP_H108                      0.58%    passed     99.79%
  10  PCMP_H109                      1.27%    passed     96.29%
  11  PCMP_H10                       0.68%    passed     98.73%
  12  PCMP_H110                      0.72%    passed     99.77%
  13  PCMP_H111                      3.21%    passed     96.99%
  14  PCMP_H112                      3.15%    passed     97.14%
  15  PCMP_H113                      0.82%    passed     98.87%
  16  PCMP_H115                      0.47%    passed     99.55%
  17  PCMP_H116                      2.81%    passed     97.67%
  18  PCMP_H117                      0.51%    passed     99.54%
  19  PCMP_H118                      2.68%    passed     99.66%
  20  PCMP_H119                      0.58%    passed     99.88%
  21  PCMP_H11                       0.67%    passed     99.39%
  22  PCMP_H120                      0.82%    passed     98.79%
  23  PCMP_H121                      0.58%    passed     99.81%
  24  PCMP_H122                      0.94%    passed     99.45%
  25  PCMP_H123                      2.11%    passed     96.91%
  26  PCMP_H124                      0.56%    passed     99.69%
  27  PCMP_H125                      3.05%    passed     93.23%
  28  PCMP_H12                       0.53%    passed     99.55%
  29  PCMP_H130                      3.76%    passed     91.20%
  30  PCMP_H131                      0.89%    passed     97.88%
  31  PCMP_H132                      0.48%    passed     99.88%
  32  PCMP_H133                      2.30%    passed     94.77%
  33  PCMP_H134                      1.07%    passed     96.70%
  34  PCMP_H135                      0.73%    passed     98.27%
  35  PCMP_H136                      0.57%    passed     99.34%
  36  PCMP_H137                      3.35%    passed     98.34%
  37  PCMP_H138                      2.15%    passed     97.50%
  38  PCMP_H13                       0.88%    passed     97.72%
  39  PCMP_H140                      2.38%    passed     96.81%
  40  PCMP_H141                      2.10%    passed     96.28%
  41  PCMP_H142                      2.18%    passed     96.29%
  42  PCMP_H143                      2.47%    passed     96.30%
  43  PCMP_H144                      1.26%    passed     99.97%
  44  PCMP_H145                      1.05%    passed     95.82%
  45  PCMP_H146                      1.10%    passed     99.17%
  46  PCMP_H147                      2.68%    passed     96.02%
  47  PCMP_H148                      3.26%    passed     97.16%
  48  PCMP_H149                      3.28%    passed     98.02%
  49  PCMP_H14                       2.98%    passed    100.00%
  50  PCMP_H150                      3.16%    passed     97.00%
  51  PCMP_H151                      2.83%    passed     99.90%
  52  PCMP_H152                      2.99%    passed     98.74%
  53  PCMP_H153                      2.90%    passed     98.66%
  54  PCMP_H154                      0.75%    passed     98.12%
  55  PCMP_H155                      2.29%    passed     96.10%
  56  PCMP_H156                      0.43%    passed     99.55%
  57  PCMP_H157                      3.11%    passed     96.61%
  58  PCMP_H158                      3.12%    passed     98.08%
  59  PCMP_H159                      1.04%    passed     97.10%
  60  PCMP_H15                       2.20%    passed     96.39%
  61  PCMP_H160                      0.91%    passed     98.85%
  62  PCMP_H161                      2.21%    passed     94.42%
  63  PCMP_H162                      3.28%    passed     97.61%
  64  PCMP_H163                      0.95%    passed     98.41%
  65  PCMP_H165                      0.56%    passed     99.99%
  66  PCMP_H166                      3.14%    passed     97.81%
  67  PCMP_H167                      3.23%    passed     99.46%
  68  PCMP_H168                      2.29%    passed     99.16%
  69  PCMP_H169                      0.60%    passed     99.87%
  70  PCMP_H16                       0.67%    passed     99.55%
  71  PCMP_H170                      3.17%    passed     96.20%
  72  PCMP_H171                      2.77%    passed     94.99%
  73  PCMP_H172                      3.28%    passed     98.30%
  74  PCMP_H173                      3.20%    passed     98.01%
  75  PCMP_H174                      3.17%    passed     98.05%
  76  PCMP_H175                      1.20%    passed     99.29%
  77  PCMP_H176                      0.74%    passed     98.86%
  78  PCMP_H177                      0.43%    passed     99.69%
  79  PCMP_H178                      0.71%    passed     99.63%
  80  PCMP_H179                      0.37%    passed     99.31%
  81  PCMP_H17                       0.55%    passed     99.92%
  82  PCMP_H181                      3.25%    passed     97.92%
  83  PCMP_H182                      0.60%    passed     99.60%
  84  PCMP_H183                      0.39%    passed     99.98%
  85  PCMP_H184                      1.02%    passed     98.63%
  86  PCMP_H186                      0.77%    passed     98.82%
  87  PCMP_H187                      3.38%    passed     94.66%
  88  PCMP_H18                       2.62%    passed     98.02%
  89  PCMP_H191                      3.36%    passed     98.93%
  90  PCMP_H192                      0.52%    passed     99.86%
  91  PCMP_H193                      3.20%    passed     98.22%
  92  PCMP_H194                      0.34%    passed     99.94%
  93  PCMP_H195                      2.17%    passed     95.45%
  94  PCMP_H196                      3.17%    passed     98.22%
  95  PCMP_H197                      0.72%    passed     99.47%
  96  PCMP_H198                      0.36%    passed     99.90%
  97  PCMP_H199                      0.84%    passed     99.73%
  98  PCMP_H19                       3.48%    passed     99.66%
  99  PCMP_H1                        0.56%    passed     99.81%
 100  PCMP_H200                      0.69%    passed     99.79%
 101  PCMP_H201                      3.23%    passed     98.79%
 102  PCMP_H202                      0.94%    passed     99.30%
 103  PCMP_H204                      0.58%    passed     99.05%
 104  PCMP_H205                      1.91%    passed     96.15%
 105  PCMP_H206                      0.31%    passed     99.85%
 106  PCMP_H207                      2.74%    passed     97.88%
 107  PCMP_H208                      3.13%    passed     97.62%
 108  PCMP_H209                      0.57%    passed     99.26%
 109  PCMP_H210                      2.20%    passed     98.98%
 110  PCMP_H211                      3.39%    passed     97.99%
 111  PCMP_H212                      2.94%    passed     99.91%
 112  PCMP_H213                      0.53%    passed     99.97%
 113  PCMP_H214                      0.79%    passed     99.05%
 114  PCMP_H215                      3.26%    passed     97.10%
 115  PCMP_H216                      0.83%    passed     99.54%
 116  PCMP_H218                      1.73%    passed     95.86%
 117  PCMP_H219                      0.37%    passed     99.93%
 118  PCMP_H21                       2.28%    passed     98.88%
 119  PCMP_H220                      3.25%    passed     97.44%
 120  PCMP_H221                      0.86%    passed     99.09%
 121  PCMP_H222                      1.15%    passed     98.58%
 122  PCMP_H223                      2.80%    passed     98.28%
 123  PCMP_H224                      3.11%    passed     97.31%
 124  PCMP_H225                      3.29%    passed     98.54%
 125  PCMP_H226                      0.38%    passed     99.93%
 126  PCMP_H227                      0.42%    passed     99.87%
 127  PCMP_H229                      1.92%    passed     96.14%
 128  PCMP_H22                       0.58%    passed     99.77%
 129  PCMP_H230                      2.33%    passed     95.87%
 130  PCMP_H231                      3.25%    passed     98.66%
 131  PCMP_H232                      2.23%    passed     95.76%
 132  PCMP_H233                      0.43%    passed     99.91%
 133  PCMP_H234                      2.65%    passed     95.83%
 134  PCMP_H235                      0.61%    passed     99.76%
 135  PCMP_H236                      1.80%    passed     96.95%
 136  PCMP_H237                      0.69%    passed     99.87%
 137  PCMP_H238                      1.86%    passed     96.01%
 138  PCMP_H239                      0.38%    passed     99.94%
 139  PCMP_H23                       3.10%    passed     96.81%
 140  PCMP_H240                      0.64%    passed     99.80%
 141  PCMP_H241                      1.25%    passed     99.95%
 142  PCMP_H242                      2.42%    passed     96.22%
 143  PCMP_H243                      3.48%    failed      0.04%
 144  PCMP_H246                      2.30%    passed     98.41%
 145  PCMP_H247                      0.41%    passed     99.93%
 146  PCMP_H249                      4.92%    passed     95.38%
 147  PCMP_H250                      2.82%    passed     99.33%
 148  PCMP_H251                      0.34%    passed     99.99%
 149  PCMP_H252                      1.10%    passed     98.59%
 150  PCMP_H253                      3.20%    passed     97.93%
 151  PCMP_H254                      3.28%    passed     97.07%
 152  PCMP_H255                      3.43%    passed     98.64%
 153  PCMP_H256                      1.13%    passed     98.18%
 154  PCMP_H257                      0.75%    passed     98.76%
 155  PCMP_H258                      3.01%    passed     95.70%
 156  PCMP_H259                      0.47%    passed     99.98%
 157  PCMP_H261                      3.35%    passed     98.74%
 158  PCMP_H262                      3.01%    passed     89.64%
 159  PCMP_H264                      0.57%    passed     99.91%
 160  PCMP_H265                      0.81%    passed     98.96%
 161  PCMP_H266                      1.07%    passed     98.99%
 162  PCMP_H267                      0.50%    passed     99.11%
 163  PCMP_H268                      0.47%    passed     99.10%
 164  PCMP_H269                      3.46%    passed     98.25%
 165  PCMP_H26                       1.20%    passed     96.07%
 166  PCMP_H270                      2.31%    passed     95.66%
 167  PCMP_H271                      2.28%    passed     95.09%
 168  PCMP_H272                      0.79%    passed     99.63%
 169  PCMP_H273                      1.09%    passed     95.49%
 170  PCMP_H274                      1.12%    passed     96.57%
 171  PCMP_H275                      0.58%    passed     99.82%
 172  PCMP_H276                      3.42%    passed     98.24%
 173  PCMP_H277                      0.72%    passed     99.11%
 174  PCMP_H278                      0.59%    passed     99.46%
 175  PCMP_H27                       0.57%    passed     99.81%
 176  PCMP_H280                      0.74%    passed     99.40%
 177  PCMP_H281                      2.13%    passed     96.47%
 178  PCMP_H282                      4.44%    passed     99.45%
 179  PCMP_H283                      0.64%    passed     99.19%
 180  PCMP_H284                      0.48%    passed     99.76%
 181  PCMP_H285                      3.00%    passed     95.15%
 182  PCMP_H286                      0.56%    passed     99.97%
 183  PCMP_H287                      2.71%    passed     96.45%
 184  PCMP_H288                      0.40%    passed     99.16%
 185  PCMP_H289                      1.07%    passed     98.16%
 186  PCMP_H290                      0.57%    passed     99.31%
 187  PCMP_H291                      3.29%    passed     97.96%
 188  PCMP_H292                      3.16%    passed     97.97%
 189  PCMP_H293                      4.20%    passed     99.17%
 190  PCMP_H294                      0.48%    passed     99.15%
 191  PCMP_H295                      0.59%    passed     99.89%
 192  PCMP_H296                      3.99%    passed     94.97%
 193  PCMP_H297                      2.66%    passed     95.79%
 194  PCMP_H299                      2.20%    passed     97.23%
 195  PCMP_H2                        3.05%    passed     99.76%
 196  PCMP_H300                      0.41%    passed     99.81%
 197  PCMP_H301                      3.17%    passed     98.19%
 198  PCMP_H302                      0.38%    passed     99.30%
 199  PCMP_H303                      3.06%    passed     96.20%
 200  PCMP_H305                      3.28%    passed     98.32%
 201  PCMP_H306                      0.89%    passed     97.38%
 202  PCMP_H307                      3.25%    passed     97.44%
 203  PCMP_H308                      4.46%    passed     99.78%
 204  PCMP_H309                      0.67%    passed     99.65%
 205  PCMP_H30                       3.01%    passed     97.04%
 206  PCMP_H311                      0.46%    passed     99.78%
 207  PCMP_H312                      0.45%    passed     99.72%
 208  PCMP_H313                      3.17%    passed     95.58%
 209  PCMP_H314                      3.12%    passed     98.58%
 210  PCMP_H315                      0.77%    passed     98.73%
 211  PCMP_H316                      2.25%    passed     94.47%
 212  PCMP_H317                      1.05%    passed     95.68%
 213  PCMP_H318                      4.91%    passed     96.04%
 214  PCMP_H319                      0.72%    passed     99.55%
 215  PCMP_H31                       0.56%    passed     99.66%
 216  PCMP_H320                      3.07%    passed     98.12%
 217  PCMP_H322                      0.37%    passed     99.87%
 218  PCMP_H323                      3.17%    passed     96.21%
 219  PCMP_H325                      0.71%    passed     86.75%
 220  PCMP_H326                      1.61%    passed     99.71%
 221  PCMP_H327                      2.25%    passed     97.88%
 222  PCMP_H328                      0.56%    passed     99.54%
 223  PCMP_H329                      0.49%    passed     99.00%
 224  PCMP_H32                       3.20%    passed     96.81%
 225  PCMP_H330                      1.10%    passed     99.32%
 226  PCMP_H331                      0.56%    passed     99.91%
 227  PCMP_H332                      0.48%    passed     99.04%
 228  PCMP_H335                      3.19%    passed     97.50%
 229  PCMP_H337                      3.53%    passed     98.93%
 230  PCMP_H338                      0.50%    passed     99.36%
 231  PCMP_H339                      0.52%    passed     99.75%
 232  PCMP_H33                       0.59%    passed     99.75%
 233  PCMP_H340                      0.72%    passed     99.47%
 234  PCMP_H342                      4.12%    passed     99.53%
 235  PCMP_H343                      0.70%    passed     99.57%
 236  PCMP_H345                      3.24%    passed     96.51%
 237  PCMP_H346                      1.29%    passed     99.28%
 238  PCMP_H347                      0.52%    passed     98.60%
 239  PCMP_H348                      1.23%    passed     98.83%
 240  PCMP_H349                      3.89%    passed     99.50%
 241  PCMP_H34                       2.08%    passed     96.97%
 242  PCMP_H350                      3.20%    passed     98.98%
 243  PCMP_H351                      0.40%    passed     99.39%
 244  PCMP_H353                      2.13%    passed     92.93%
 245  PCMP_H354                      2.00%    passed     97.87%
 246  PCMP_H355                      0.83%    passed     99.26%
 247  PCMP_H356                      0.71%    passed     99.32%
 248  PCMP_H357                      1.13%    passed     99.27%
 249  PCMP_H359                      3.14%    passed     98.57%
 250  PCMP_H35                       0.40%    passed     99.23%
 251  PCMP_H360                      3.26%    passed     97.80%
 252  PCMP_H361                      2.52%    passed     93.93%
 253  PCMP_H362                      0.86%    passed     98.81%
 254  PCMP_H365                      2.13%    passed     97.39%
 255  PCMP_H367                      2.06%    passed     98.77%
 256  PCMP_H36                       1.51%    passed     95.45%
 257  PCMP_H370                      1.26%    passed     98.67%
 258  PCMP_H371                      0.37%    passed     99.43%
 259  PCMP_H372                      3.32%    passed     98.51%
 260  PCMP_H373                      0.62%    passed     99.75%
 261  PCMP_H374                      0.55%    passed     99.88%
 262  PCMP_H375                      1.28%    passed     99.09%
 263  PCMP_H376                      2.23%    passed     98.71%
 264  PCMP_H377                      3.36%    passed     98.42%
 265  PCMP_H378                      1.05%    passed     98.41%
 266  PCMP_H379                      0.40%    passed     99.82%
 267  PCMP_H37                       4.07%    passed     99.64%
 268  PCMP_H380                      0.58%    passed     99.17%
 269  PCMP_H381                      0.57%    passed     99.68%
 270  PCMP_H382                      0.57%    passed     99.74%
 271  PCMP_H383                      2.75%    passed     96.16%
 272  PCMP_H384                      2.69%    passed     99.00%
 273  PCMP_H385                      0.52%    passed     99.94%
 274  PCMP_H386                      3.24%    passed     97.57%
 275  PCMP_H387                      0.50%    passed     99.98%
 276  PCMP_H388                      2.72%    passed     97.79%
 277  PCMP_H389                      0.64%    passed     99.84%
 278  PCMP_H38                       1.17%    passed     99.24%
 279  PCMP_H390                      3.37%    passed     98.58%
 280  PCMP_H391                      3.15%    passed     97.21%
 281  PCMP_H392                      2.20%    passed     98.36%
 282  PCMP_H393                      0.57%    passed     99.20%
 283  PCMP_H394                      1.22%    passed     98.43%
 284  PCMP_H395                      0.56%    passed     99.55%
 285  PCMP_H396                      3.23%    passed     97.45%
 286  PCMP_H397                      0.44%    passed     99.28%
 287  PCMP_H398                      0.99%    passed     99.00%
 288  PCMP_H399                      2.00%    passed     95.63%
 289  PCMP_H39                       0.59%    passed     99.69%
 290  PCMP_H3                        0.25%    passed     99.88%
 291  PCMP_H400                      3.44%    passed     93.41%
 292  PCMP_H401                      3.45%    passed     98.22%
 293  PCMP_H402                      0.58%    passed     99.79%
 294  PCMP_H404                      0.60%    passed     99.84%
 295  PCMP_H405                      1.70%    passed     99.15%
 296  PCMP_H406                      0.62%    passed     99.89%
 297  PCMP_H407                      4.12%    passed     98.49%
 298  PCMP_H408                      3.30%    passed     96.54%
 299  PCMP_H409                      0.32%    passed     99.95%
 300  PCMP_H40                       2.78%    passed     96.83%
 301  PCMP_H410                      1.39%    passed     98.58%
 302  PCMP_H411                      0.75%    passed     84.82%
 303  PCMP_H412                      3.43%    passed     98.41%
 304  PCMP_H413                      3.23%    passed     98.55%
 305  PCMP_H414                      3.40%    passed     98.53%
 306  PCMP_H415                      3.15%    passed     98.33%
 307  PCMP_H416                      4.40%    passed     98.93%
 308  PCMP_H417                      0.45%    passed     99.57%
 309  PCMP_H418                      0.57%    passed     99.41%
 310  PCMP_H41                       0.57%    passed     98.30%
 311  PCMP_H420                      0.88%    passed     97.92%
 312  PCMP_H421                      0.61%    passed     99.82%
 313  PCMP_H422                      0.77%    passed     99.02%
 314  PCMP_H423                      3.45%    passed     92.04%
 315  PCMP_H424                      1.02%    passed     98.73%
 316  PCMP_H425                      1.24%    passed     98.76%
 317  PCMP_H426                      3.20%    passed     96.42%
 318  PCMP_H427                      0.44%    passed     99.92%
 319  PCMP_H428                      3.19%    passed     98.08%
 320  PCMP_H429                      3.12%    passed     97.52%
 321  PCMP_H42                       0.66%    passed     98.15%
 322  PCMP_H430                      2.85%    passed     97.69%
 323  PCMP_H431                      1.02%    passed     98.98%
 324  PCMP_H432                      1.15%    passed     98.99%
 325  PCMP_H433                      1.69%    passed     99.27%
 326  PCMP_H434                      0.75%    passed     99.56%
 327  PCMP_H436                      0.71%    passed     99.15%
 328  PCMP_H437                      0.70%    passed     99.56%
 329  PCMP_H438                      0.57%    passed     99.59%
 330  PCMP_H439                      0.81%    passed     99.53%
 331  PCMP_H43                       2.10%    passed     99.40%
 332  PCMP_H440                      2.88%    passed     92.71%
 333  PCMP_H441                      2.18%    passed     98.27%
 334  PCMP_H442                      2.27%    passed     96.94%
 335  PCMP_H443                      1.21%    passed     98.51%
 336  PCMP_H444                      3.22%    passed     98.50%
 337  PCMP_H445                      0.56%    passed     99.44%
 338  PCMP_H446                      3.11%    passed     97.23%
 339  PCMP_H447                      3.25%    passed     96.31%
 340  PCMP_H448                      2.00%    passed     95.76%
 341  PCMP_H44                       1.08%    passed     97.07%
 342  PCMP_H450                      4.11%    passed     97.91%
 343  PCMP_H453                      2.51%    passed     95.56%
 344  PCMP_H454                      0.97%    passed     96.40%
 345  PCMP_H455                      0.89%    passed     97.59%
 346  PCMP_H456                      0.82%    passed     98.56%
 347  PCMP_H457                      0.67%    passed     99.80%
 348  PCMP_H458                      0.94%    passed     99.30%
 349  PCMP_H459                      2.89%    passed     93.59%
 350  PCMP_H460                      0.45%    passed     99.76%
 351  PCMP_H461                      0.42%    passed     99.83%
 352  PCMP_H462                      3.26%    passed     96.89%
 353  PCMP_H464                      3.19%    passed     97.51%
 354  PCMP_H465                      0.97%    passed     96.73%
 355  PCMP_H466                      0.17%    passed     99.88%
 356  PCMP_H467                      3.07%    passed     96.63%
 357  PCMP_H468                      0.64%    passed     99.83%
 358  PCMP_H469                      3.25%    passed     98.54%
 359  PCMP_H46                       0.49%    passed     99.82%
 360  PCMP_H470                      0.44%    passed     99.64%
 361  PCMP_H471                      1.05%    passed     99.85%
 362  PCMP_H473                      3.29%    passed     97.41%
 363  PCMP_H474                      0.36%    passed     99.41%
 364  PCMP_H475                      1.17%    passed     98.52%
 365  PCMP_H477                      0.76%    passed     98.56%
 366  PCMP_H478                      0.54%    passed     99.98%
 367  PCMP_H479                      3.36%    passed     93.58%
 368  PCMP_H480                      0.53%    passed     99.63%
 369  PCMP_H481                      0.69%    passed     99.45%
 370  PCMP_H482                      0.60%    passed     99.84%
 371  PCMP_H48                       0.55%    passed     99.58%
 372  PCMP_H49                       0.57%    passed     99.44%
 373  PCMP_H4                        0.97%    passed     98.95%
 374  PCMP_H52                       2.54%    passed     99.43%
 375  PCMP_H54                       1.43%    passed     97.53%
 376  PCMP_H56                       2.28%    passed     98.26%
 377  PCMP_H59                       0.59%    passed     99.29%
 378  PCMP_H5                        1.44%    passed     98.20%
 379  PCMP_H60                       0.92%    passed     99.87%
 380  PCMP_H61                       0.69%    passed     98.29%
 381  PCMP_H65                       0.46%    passed     99.60%
 382  PCMP_H66                       0.29%    passed     99.90%
 383  PCMP_H68                       3.49%    passed     99.09%
 384  PCMP_H69                       3.19%    passed     98.34%
 385  PCMP_H70                       0.57%    passed     99.30%
 386  PCMP_H71                       2.73%    passed     97.19%
 387  PCMP_H72                       0.59%    passed     99.83%
 388  PCMP_H73                       4.42%    passed     99.88%
 389  PCMP_H74                       3.14%    passed     97.16%
 390  PCMP_H75                       0.43%    passed     99.72%
 391  PCMP_H76                       2.78%    passed     90.78%
 392  PCMP_H77                       3.52%    passed     98.01%
 393  PCMP_H78                       3.25%    passed     97.49%
 394  PCMP_H79                       0.57%    passed     99.39%
 395  PCMP_H7                        1.10%    passed     98.47%
 396  PCMP_H81                       3.32%    passed     99.27%
 397  PCMP_H82                       0.43%    passed     99.72%
 398  PCMP_H83                       0.45%    passed     99.13%
 399  PCMP_H84                       3.35%    passed     98.52%
 400  PCMP_H85                       1.38%    passed     98.25%
 401  PCMP_H86                       0.42%    passed     99.36%
 402  PCMP_H87                       3.10%    passed     98.01%
 403  PCMP_H88                       3.33%    passed     97.74%
 404  PCMP_H89                       0.60%    passed     99.73%
 405  PCMP_H8                        2.95%    passed     96.39%
 406  PCMP_H90                       0.36%    passed     99.62%
 407  PCMP_H91                       0.80%    passed     99.88%
 408  PCMP_H93                       2.23%    passed     96.40%
 409  PCMP_H94                       0.38%    passed     99.91%
 410  PCMP_H95                       2.76%    passed     94.53%
 411  PCMP_H96                       3.11%    passed     96.04%
 412  PCMP_H97                       4.30%    passed     99.88%
 413  PCMP_H98                       3.12%    passed     98.74%
 414  PCMP_H99                       0.36%    passed     99.70%
 415  PCMP_H9                        1.88%    passed     97.45%
****  TOTAL                          1.76%  1 sequences failed composition chi2 test (p-value<5%; df=3)
Reading input tree file /gpfs/accounts/esnitkin_root/esnitkin1/kgontjes/Project_Penn_KPC/Sequencing_data/variant_calling/2025-02-17_snpkit_Penn_KPC_ST258/output_files/2025_02_23_21_11_49_core_results/phylokit/results/gubbins/tmpgd051joh/2025_02_23_21_11_49_KPNIH1_genome_aln_w_alt_allele_unmapped.iteration_5.tre.rooted ... rooted tree

NOTE: 320 MB RAM (0 GB) is required!
Estimate model parameters (epsilon = 0.010)
1. Initial log-likelihood: -182262.144
2. Current log-likelihood: -165436.717
3. Current log-likelihood: -163364.881
4. Current log-likelihood: -163305.979
5. Current log-likelihood: -163207.402
6. Current log-likelihood: -163018.855
7. Current log-likelihood: -162729.185
8. Current log-likelihood: -162429.735
9. Current log-likelihood: -162247.972
10. Current log-likelihood: -162184.100
11. Current log-likelihood: -162170.476
12. Current log-likelihood: -162167.910
13. Current log-likelihood: -162167.652
14. Current log-likelihood: -162167.612
Optimal log-likelihood: -162167.609
Rate parameters:  A-C: 0.99281  A-G: 5.76097  A-T: 0.93364  C-G: 0.42263  C-T: 5.66228  G-T: 1.00000
Base frequencies:  A: 0.227  C: 0.274  G: 0.277  T: 0.222
Gamma shape alpha: 35.613
Parameters optimization took 14 rounds (12.773 sec)
Wrote distance file to... 
BEST SCORE FOUND : -162167.609
Site rates printed to /gpfs/accounts/esnitkin_root/esnitkin1/kgontjes/Project_Penn_KPC/Sequencing_data/variant_calling/2025-02-17_snpkit_Penn_KPC_ST258/output_files/2025_02_23_21_11_49_core_results/phylokit/results/gubbins/tmpgd051joh/2025_02_23_21_11_49_KPNIH1_genome_aln_w_alt_allele_unmapped.iteration_5.mlrate
Total tree length: 2.503

Total number of iterations: 0
CPU time used for tree search: 0.000 sec (0h:0m:0s)
Wall-clock time used for tree search: 0.000 sec (0h:0m:0s)
Total CPU time used: 289.436 sec (0h:4m:49s)
Total wall-clock time used: 16.988 sec (0h:0m:16s)

Analysis results written to: 
  IQ-TREE report:                /gpfs/accounts/esnitkin_root/esnitkin1/kgontjes/Project_Penn_KPC/Sequencing_data/variant_calling/2025-02-17_snpkit_Penn_KPC_ST258/output_files/2025_02_23_21_11_49_core_results/phylokit/results/gubbins/tmpgd051joh/2025_02_23_21_11_49_KPNIH1_genome_aln_w_alt_allele_unmapped.iteration_5.iqtree
  Maximum-likelihood tree:       /gpfs/accounts/esnitkin_root/esnitkin1/kgontjes/Project_Penn_KPC/Sequencing_data/variant_calling/2025-02-17_snpkit_Penn_KPC_ST258/output_files/2025_02_23_21_11_49_core_results/phylokit/results/gubbins/tmpgd051joh/2025_02_23_21_11_49_KPNIH1_genome_aln_w_alt_allele_unmapped.iteration_5.treefile
  Site-specific rates:           /gpfs/accounts/esnitkin_root/esnitkin1/kgontjes/Project_Penn_KPC/Sequencing_data/variant_calling/2025-02-17_snpkit_Penn_KPC_ST258/output_files/2025_02_23_21_11_49_core_results/phylokit/results/gubbins/tmpgd051joh/2025_02_23_21_11_49_KPNIH1_genome_aln_w_alt_allele_unmapped.iteration_5.rate
  Screen log file:               /gpfs/accounts/esnitkin_root/esnitkin1/kgontjes/Project_Penn_KPC/Sequencing_data/variant_calling/2025-02-17_snpkit_Penn_KPC_ST258/output_files/2025_02_23_21_11_49_core_results/phylokit/results/gubbins/tmpgd051joh/2025_02_23_21_11_49_KPNIH1_genome_aln_w_alt_allele_unmapped.iteration_5.log

Date and Time: Sun Feb 23 23:40:36 2025
Printing alignment with internal node sequences:  /gpfs/accounts/esnitkin_root/esnitkin1/kgontjes/Project_Penn_KPC/Sequencing_data/variant_calling/2025-02-17_snpkit_Penn_KPC_ST258/output_files/2025_02_23_21_11_49_core_results/phylokit/results/gubbins/tmpgd051joh/2025_02_23_21_11_49_KPNIH1_genome_aln_w_alt_allele_unmapped.iteration_4.internal.joint.aln
Printing tree with internal nodes labelled:  /gpfs/accounts/esnitkin_root/esnitkin1/kgontjes/Project_Penn_KPC/Sequencing_data/variant_calling/2025-02-17_snpkit_Penn_KPC_ST258/output_files/2025_02_23_21_11_49_core_results/phylokit/results/gubbins/tmpgd051joh/2025_02_23_21_11_49_KPNIH1_genome_aln_w_alt_allele_unmapped.iteration_4.internal.joint.tre
Done
Time for JAR preparation:	0.9442808869999908
Time for JAR calculation:	150.902815648

Transferring pyjar results onto original recombination-corrected tree

Done transfer
...done. Run time: 1562.45 s

Running Gubbins to detect recombinations...
gubbins -r -v 2025_02_23_21_11_49_KPNIH1_genome_aln_w_alt_allele_unmapped.fa.gaps.vcf -a 100 -b 10000 -f /gpfs/accounts/esnitkin_root/esnitkin1/kgontjes/Project_Penn_KPC/Sequencing_data/variant_calling/2025-02-17_snpkit_Penn_KPC_ST258/output_files/2025_02_23_21_11_49_core_results/phylokit/results/gubbins/tmpgd051joh/2025_02_23_21_11_49_KPNIH1_genome_aln_w_alt_allele_unmapped.fa -t 2025_02_23_21_11_49_KPNIH1_genome_aln_w_alt_allele_unmapped.iteration_4.tre -m 3 -p 0.05 -i 1.0 /gpfs/accounts/esnitkin_root/esnitkin1/kgontjes/Project_Penn_KPC/Sequencing_data/variant_calling/2025-02-17_snpkit_Penn_KPC_ST258/output_files/2025_02_23_21_11_49_core_results/phylokit/results/gubbins/tmpgd051joh/2025_02_23_21_11_49_KPNIH1_genome_aln_w_alt_allele_unmapped.iteration_4.internal.joint.aln
...done. Run time: 1610.28 s

Checking for convergence...
...done. Run time: 1610.52 s

*** Iteration 5 ***

Constructing the phylogenetic tree with raxmlHPC-PTHREADS-AVX2...
raxmlHPC-PTHREADS-AVX2 -T 18 -safe -m GTRGAMMA -p 641 -f d -p 1 -s /gpfs/accounts/esnitkin_root/esnitkin1/kgontjes/Project_Penn_KPC/Sequencing_data/variant_calling/2025-02-17_snpkit_Penn_KPC_ST258/output_files/2025_02_23_21_11_49_core_results/phylokit/results/gubbins/2025_02_23_21_11_49_KPNIH1_genome_aln_w_alt_allele_unmapped.iteration_4.tre.phylip -n 2025_02_23_21_11_49_KPNIH1_genome_aln_w_alt_allele_unmapped.iteration_5 -t /gpfs/accounts/esnitkin_root/esnitkin1/kgontjes/Project_Penn_KPC/Sequencing_data/variant_calling/2025-02-17_snpkit_Penn_KPC_ST258/output_files/2025_02_23_21_11_49_core_results/phylokit/results/gubbins/2025_02_23_21_11_49_KPNIH1_genome_aln_w_alt_allele_unmapped.iteration_4.tre
...done. Run time: 1683.08 s
Edge length is: 2.1757894572449135

Reconstructing ancestral sequences with pyjar...

Fitting substitution model to tree...
iqtree -nt 18 -safe -redo -m GTR+G4 -seed 9004 -s 2025_02_23_21_11_49_KPNIH1_genome_aln_w_alt_allele_unmapped.fa.snp_sites.aln -t /gpfs/accounts/esnitkin_root/esnitkin1/kgontjes/Project_Penn_KPC/Sequencing_data/variant_calling/2025-02-17_snpkit_Penn_KPC_ST258/output_files/2025_02_23_21_11_49_core_results/phylokit/results/gubbins/tmpgd051joh/2025_02_23_21_11_49_KPNIH1_genome_aln_w_alt_allele_unmapped.iteration_5.tre.rooted --prefix /gpfs/accounts/esnitkin_root/esnitkin1/kgontjes/Project_Penn_KPC/Sequencing_data/variant_calling/2025-02-17_snpkit_Penn_KPC_ST258/output_files/2025_02_23_21_11_49_core_results/phylokit/results/gubbins/tmpgd051joh/2025_02_23_21_11_49_KPNIH1_genome_aln_w_alt_allele_unmapped.iteration_5  -n 0 --mlrate -redo

Running joint ancestral reconstruction with pyjar
Reading tree file: /gpfs/accounts/esnitkin_root/esnitkin1/kgontjes/Project_Penn_KPC/Sequencing_data/variant_calling/2025-02-17_snpkit_Penn_KPC_ST258/output_files/2025_02_23_21_11_49_core_results/phylokit/results/gubbins/tmpgd051joh/2025_02_23_21_11_49_KPNIH1_genome_aln_w_alt_allele_unmapped.iteration_5.treefile
Reading info file: /gpfs/accounts/esnitkin_root/esnitkin1/kgontjes/Project_Penn_KPC/Sequencing_data/variant_calling/2025-02-17_snpkit_Penn_KPC_ST258/output_files/2025_02_23_21_11_49_core_results/phylokit/results/gubbins/tmpgd051joh/2025_02_23_21_11_49_KPNIH1_genome_aln_w_alt_allele_unmapped.iteration_5.log
Frequencies: 0.227, 0.274, 0.277, 0.222
Rates: 0.99281, 5.76097, 0.93364, 0.42263, 5.66228, 1.0
Reconstructing sites on tree
Printing alignment with internal node sequences:  /gpfs/accounts/esnitkin_root/esnitkin1/kgontjes/Project_Penn_KPC/Sequencing_data/variant_calling/2025-02-17_snpkit_Penn_KPC_ST258/output_files/2025_02_23_21_11_49_core_results/phylokit/results/gubbins/tmpgd051joh/2025_02_23_21_11_49_KPNIH1_genome_aln_w_alt_allele_unmapped.iteration_5.internal.joint.aln
Printing tree with internal nodes labelled:  /gpfs/accounts/esnitkin_root/esnitkin1/kgontjes/Project_Penn_KPC/Sequencing_data/variant_calling/2025-02-17_snpkit_Penn_KPC_ST258/output_files/2025_02_23_21_11_49_core_results/phylokit/results/gubbins/tmpgd051joh/2025_02_23_21_11_49_KPNIH1_genome_aln_w_alt_allele_unmapped.iteration_5.internal.joint.tre
Done
Time for JAR preparation:	0.8707221990000562
Time for JAR calculation:	151.15481966700008

Transferring pyjar results onto original recombination-corrected tree

Done transfer
...done. Run time: 1857.42 s

Running Gubbins to detect recombinations...
gubbins -r -v 2025_02_23_21_11_49_KPNIH1_genome_aln_w_alt_allele_unmapped.fa.gaps.vcf -a 100 -b 10000 -f /gpfs/accounts/esnitkin_root/esnitkin1/kgontjes/Project_Penn_KPC/Sequencing_data/variant_calling/2025-02-17_snpkit_Penn_KPC_ST258/output_files/2025_02_23_21_11_49_core_results/phylokit/results/gubbins/tmpgd051joh/2025_02_23_21_11_49_KPNIH1_genome_aln_w_alt_allele_unmapped.fa -t 2025_02_23_21_11_49_KPNIH1_genome_aln_w_alt_allele_unmapped.iteration_5.tre -m 3 -p 0.05 -i 1.0 /gpfs/accounts/esnitkin_root/esnitkin1/kgontjes/Project_Penn_KPC/Sequencing_data/variant_calling/2025-02-17_snpkit_Penn_KPC_ST258/output_files/2025_02_23_21_11_49_core_results/phylokit/results/gubbins/tmpgd051joh/2025_02_23_21_11_49_KPNIH1_genome_aln_w_alt_allele_unmapped.iteration_5.internal.joint.aln
...done. Run time: 1905.13 s

Checking for convergence...
...done. Run time: 1905.44 s
Maximum number of iterations (5) reached.

Exiting the main loop.

Creating the final output...
...finished. Total run time: 1905.44 s
[Sun Feb 23 23:44:01 2025]
Finished job 0.
1 of 1 steps (100%) done
Config: {'prefix': 'Penn_KPC_ST258', 'alignment': '/scratch/esnitkin_root/esnitkin1/kgontjes/Project_Penn_KPC/Sequencing_data/variant_calling/2025-02-17_snpkit_Penn_KPC_ST258/output_files/2025_02_23_21_11_49_core_results/gubbins/2025_02_23_21_11_49_KPNIH1_genome_aln_w_alt_allele_unmapped.fa', 'threads': 18, 'first_tree_algorithm': 'fasttree', 'first_model': 'JC', 'outgroup': 'PCMP_H243', 'gubbins_dir': 'results/gubbins', 'tree_args': ' --threads 18', 'iqtree_model': 'MFP', 'bootstrap_count': 5000, 'num_unsuccessful_iterations': 500, 'iqtree_dir': 'results/IQtree'}
PREFIX: Penn_KPC_ST258
